coord_cluster_5m,cluster_lat,cluster_lon,outlet_count,type_count,types,outlet_ids,outlet_names,definition
CL5-0001,35.7331269,127.1195534,1,1,우체국,JB-0004CFAB2E52,완주구이우체국,connected by <=5m coordinate links; not a deduplication or verified building
CL5-0002,35.9225089,127.1237091,1,1,신협,JB-002062F71483,삼례신용협동조합 지점,connected by <=5m coordinate links; not a deduplication or verified building
CL5-0003,35.8300864,127.1687231,1,1,신협,JB-004E8AC79549,노송신용협동조합 지점,connected by <=5m coordinate links; not a deduplication or verified building
CL5-0004,35.8280767,127.1223212,1,1,새마을금고,JB-0067FECE4FF6,서전주 (본점) 새마을금고,connected by <=5m coordinate links; not a deduplication or verified building
CL5-0005,35.8043667,127.1484383,1,1,우체국,JB-00769D29DE57,전주서학동우체국,connected by <=5m coordinate links; not a deduplication or verified building
CL5-0006,35.9589207,126.7046849,1,1,우체국,JB-00CB6747D0D8,군산지곡동우체국,connected by <=5m coordinate links; not a deduplication or verified building
CL5-0007,35.8367506,127.102937,1,1,우체국,JB-0195A3FECD0D,전주효자4동우체국,connected by <=5m coordinate links; not a deduplication or verified building
CL5-0008,35.8349439,127.0979735,1,1,신협,JB-01DBDC50B60B,전주동부신용협동조합 지점,connected by <=5m coordinate links; not a deduplication or verified building
CL5-0009,36.0590363,127.0846182,1,1,우체국,JB-025693CEBC10,익산여산우체국,connected by <=5m coordinate links; not a deduplication or verified building
CL5-0010,35.834214,127.1198111,1,1,은행,JB-0283AEEAF9CA,SC제일은행 전주,connected by <=5m coordinate links; not a deduplication or verified building
CL5-0011,35.8360572,127.0582017,1,1,은행,JB-0297B31A219A,우리은행 전북혁신도시(출),connected by <=5m coordinate links; not a deduplication or verified building
CL5-0012,35.8308002,127.1150152,1,1,우체국,JB-02B4240330D2,전주서신동우체국,connected by <=5m coordinate links; not a deduplication or verified building
CL5-0013,35.4591774,126.5409123,1,1,새마을금고,JB-030A736227D0,고창 (해리) 새마을금고,connected by <=5m coordinate links; not a deduplication or verified building
CL5-0014,35.7929664,127.1323167,1,1,새마을금고,JB-037D330C8C7B,남부 (평화중앙) 새마을금고,connected by <=5m coordinate links; not a deduplication or verified building
CL5-0015,35.6289561,127.332214,1,1,우체국,JB-039558304579,임실성수우체국,connected by <=5m coordinate links; not a deduplication or verified building
CL5-0016,35.9582717,126.795844,1,1,새마을금고,JB-0430706C8B03,동군산 (발산) 새마을금고,connected by <=5m coordinate links; not a deduplication or verified building
CL5-0017,35.9897422,126.7871552,1,1,우체국,JB-045C4746C34E,군산성산우체국,connected by <=5m coordinate links; not a deduplication or verified building
CL5-0018,35.9611847,126.5605374,1,1,은행,JB-049275EB4450,IBK기업은행 새만금,connected by <=5m coordinate links; not a deduplication or verified building
CL5-0019,35.8089462,127.0942117,1,1,신협,JB-054AC160E892,전북치과의사신용협동조합 본점,connected by <=5m coordinate links; not a deduplication or verified building
CL5-0020,36.0921083,127.2789029,1,1,우체국,JB-057108BDABE4,완주운주우체국,connected by <=5m coordinate links; not a deduplication or verified building
CL5-0021,35.948631,126.9579111,2,1,은행,JB-063E772DA64A | JB-960964868063,전북은행 익산시청 | NH농협은행 익산시청,connected by <=5m coordinate links; not a deduplication or verified building
CL5-0022,35.8188842,127.1184004,1,1,우체국,JB-064A0494C99A,전주근영우편취급국,connected by <=5m coordinate links; not a deduplication or verified building
CL5-0023,35.3553893,127.3373753,1,1,우체국,JB-06BF886E4359,남원송동우체국,connected by <=5m coordinate links; not a deduplication or verified building
CL5-0024,35.4397822,127.2386653,1,1,우체국,JB-06DD6F72C15B,순창동계우체국,connected by <=5m coordinate links; not a deduplication or verified building
CL5-0025,35.8008202,126.886716,1,1,새마을금고,JB-075D90B32C24,김제하나 (본점) 새마을금고,connected by <=5m coordinate links; not a deduplication or verified building
CL5-0026,35.8046393,127.1142255,1,1,우체국,JB-0767D9C54772,전주효자3동우체국,connected by <=5m coordinate links; not a deduplication or verified building
CL5-0027,35.9575536,126.9606119,1,1,우체국,JB-077BEFE23813,익산소라우편취급국,connected by <=5m coordinate links; not a deduplication or verified building
CL5-0028,35.8134769,127.1483744,1,1,은행,JB-07B1AE987D33,전북은행 전주한옥마을,connected by <=5m coordinate links; not a deduplication or verified building
CL5-0029,35.832334,127.1439955,1,1,신협,JB-08014536C004,전주혁신신용협동조합 지점,connected by <=5m coordinate links; not a deduplication or verified building
CL5-0030,35.9574088,126.9799081,1,1,신협,JB-082F806B8158,이리신용협동조합 지점,connected by <=5m coordinate links; not a deduplication or verified building
CL5-0031,35.7263546,126.7308172,1,1,우체국,JB-0846C53F19FC,부안서외우편취급국,connected by <=5m coordinate links; not a deduplication or verified building
CL5-0032,36.0095945,127.7872406,1,1,신협,JB-08D41B353D2A,설천신용협동조합 본점,connected by <=5m coordinate links; not a deduplication or verified building
CL5-0033,35.9420762,126.9379515,1,1,새마을금고,JB-097A746A8DFF,익산서부 (본점) 새마을금고,connected by <=5m coordinate links; not a deduplication or verified building
CL5-0034,35.4917564,127.4754356,1,1,우체국,JB-0A6CB1EAF007,남원산동우체국,connected by <=5m coordinate links; not a deduplication or verified building
CL5-0035,35.5837335,127.3971498,1,1,우체국,JB-0AC38A67B5A3,장수산서우체국,connected by <=5m coordinate links; not a deduplication or verified building
CL5-0036,35.9695999,126.6842773,1,1,새마을금고,JB-0AF96F58D672,군산중부 (소룡) 새마을금고,connected by <=5m coordinate links; not a deduplication or verified building
CL5-0037,35.8386485,127.0618675,1,1,새마을금고,JB-0BD8B39EB746,열린 (보람) 새마을금고,connected by <=5m coordinate links; not a deduplication or verified building
CL5-0038,35.9452621,126.8119497,1,1,새마을금고,JB-0C06D875A7EE,동군산 (본점) 새마을금고,connected by <=5m coordinate links; not a deduplication or verified building
CL5-0039,35.8202865,127.1025372,1,1,은행,JB-0C35784B6D7F,NH농협은행 전북영업부,connected by <=5m coordinate links; not a deduplication or verified building
CL5-0040,35.9722102,126.7372703,1,1,은행,JB-0CCFBC726609,NH농협은행 군산시지부,connected by <=5m coordinate links; not a deduplication or verified building
CL5-0041,35.8660496,127.6539601,1,1,신협,JB-0D8434D7E671,무주안성신용협동조합 본점,connected by <=5m coordinate links; not a deduplication or verified building
CL5-0042,35.3769939,127.1403707,1,1,새마을금고,JB-0E0298EF2C36,순창 (본점) 새마을금고,connected by <=5m coordinate links; not a deduplication or verified building
CL5-0043,35.9620439,126.7053344,1,1,신협,JB-0E539AF3B2DC,군산반석신용협동조합 본점,connected by <=5m coordinate links; not a deduplication or verified building
CL5-0044,35.8433595,127.1094582,1,1,우체국,JB-0E79ECA80E95,전주덕진동우체국,connected by <=5m coordinate links; not a deduplication or verified building
CL5-0045,35.9636405,126.7161387,1,1,은행,JB-0E9E8CF23E7B,KB국민은행 수송동,connected by <=5m coordinate links; not a deduplication or verified building
CL5-0046,35.4355417,126.7091005,1,1,우체국,JB-0EE950A0AB0D,고창우체국,connected by <=5m coordinate links; not a deduplication or verified building
CL5-0047,35.9425997,126.9491703,1,1,새마을금고,JB-0EF58EF1730B,익산중앙 (본점) 새마을금고,connected by <=5m coordinate links; not a deduplication or verified building
CL5-0048,35.5667607,126.8521349,1,1,은행,JB-0F4FE1813C1C,KB국민은행 정읍,connected by <=5m coordinate links; not a deduplication or verified building
CL5-0049,35.3402856,126.603277,1,1,우체국,JB-0F7C962385AD,고창대산우체국,connected by <=5m coordinate links; not a deduplication or verified building
CL5-0050,35.8700646,127.1218246,1,1,새마을금고,JB-10761FA250DB,전주송천 (본점) 새마을금고,connected by <=5m coordinate links; not a deduplication or verified building
CL5-0051,35.7985079,127.1106484,1,1,신협,JB-1229F8BA5811,전주삼천신용협동조합 본점,connected by <=5m coordinate links; not a deduplication or verified building
CL5-0052,35.8412735,127.110223,1,1,신협,JB-126F603C6862,인후신용협동조합 지점,connected by <=5m coordinate links; not a deduplication or verified building
CL5-0053,35.834638,127.1504007,1,1,우체국,JB-12F0615DD23B,전주인후1동우편취급국,connected by <=5m coordinate links; not a deduplication or verified building
CL5-0054,35.6098097,126.6689891,1,1,우체국,JB-137E38053317,부안보안우체국,connected by <=5m coordinate links; not a deduplication or verified building
CL5-0055,35.8705201,127.0775328,1,1,은행,JB-1380BD267DF7,전북은행 여의동,connected by <=5m coordinate links; not a deduplication or verified building
CL5-0056,35.9053551,127.1607812,2,1,은행,JB-13E721DAA5B5 | JB-4F99B41FD49B,전북은행 완주군청 | NH농협은행 완주군청,connected by <=5m coordinate links; not a deduplication or verified building
CL5-0057,35.4151724,126.5601637,1,1,신협,JB-14B74DB27F8C,무장신용협동조합 본점,connected by <=5m coordinate links; not a deduplication or verified building
CL5-0058,35.3723535,127.1423941,1,1,신협,JB-14CF657A378F,순창신용협동조합 본점,connected by <=5m coordinate links; not a deduplication or verified building
CL5-0059,35.8115645,127.1499147,1,1,새마을금고,JB-1532B4B7A998,남전주 (본점) 새마을금고,connected by <=5m coordinate links; not a deduplication or verified building
CL5-0060,35.8920695,126.9675579,1,1,우체국,JB-167AAFB4AB48,김제백구우체국,connected by <=5m coordinate links; not a deduplication or verified building
CL5-0061,35.8424725,127.0768744,1,1,새마을금고,JB-170E11D215CF,조촌 (만성) 새마을금고,connected by <=5m coordinate links; not a deduplication or verified building
CL5-0062,35.6859278,126.8879092,1,1,우체국,JB-17FB6F26E060,정읍신태인우체국,connected by <=5m coordinate links; not a deduplication or verified building
CL5-0063,35.5063778,127.6114852,1,1,새마을금고,JB-1812A9FA6F3F,지리산 (아영) 새마을금고,connected by <=5m coordinate links; not a deduplication or verified building
CL5-0064,35.9758597,127.4271578,1,1,우체국,JB-18261961E624,진안주천우체국,connected by <=5m coordinate links; not a deduplication or verified building
CL5-0065,35.8541109,127.1548452,1,1,새마을금고,JB-1847E50422E2,늘푸른 (우아) 새마을금고,connected by <=5m coordinate links; not a deduplication or verified building
CL5-0066,35.8561313,127.2337943,1,1,신협,JB-18A16BF0406B,호남제일신용협동조합 본점,connected by <=5m coordinate links; not a deduplication or verified building
CL5-0067,35.7912519,127.425546,1,1,은행,JB-19038AF50725,NH농협은행 진안군지부,connected by <=5m coordinate links; not a deduplication or verified building
CL5-0068,35.9473472,126.8096476,1,1,우체국,JB-1A5AF7A7DBE2,군산대야우체국,connected by <=5m coordinate links; not a deduplication or verified building
CL5-0069,35.4519697,127.1010698,1,1,우체국,JB-1AC8B05EE4D6,순창구림우체국,connected by <=5m coordinate links; not a deduplication or verified building
CL5-0070,35.8141604,127.1481391,1,1,신협,JB-1BCF463EEA78,전주대건신용협동조합 본점,connected by <=5m coordinate links; not a deduplication or verified building
CL5-0071,36.0071542,127.6627529,1,1,신협,JB-1BE07762F564,무주반딧불신용협동조합 본점,connected by <=5m coordinate links; not a deduplication or verified building
CL5-0072,35.5846869,127.3954349,1,1,새마을금고,JB-1BEC2861CB47,산서 (본점) 새마을금고,connected by <=5m coordinate links; not a deduplication or verified building
CL5-0073,35.9284813,126.9596509,1,1,우체국,JB-1C1873DCE1A6,익산동산동우체국,connected by <=5m coordinate links; not a deduplication or verified building
CL5-0074,35.8596661,127.0828523,1,1,은행,JB-1C80CE3317D2,전북은행 테크노파크,connected by <=5m coordinate links; not a deduplication or verified building
CL5-0075,35.9594835,126.9770535,1,1,은행,JB-1D42044F2C4C,전북은행 영등동,connected by <=5m coordinate links; not a deduplication or verified building
CL5-0076,35.8115142,127.1270442,1,1,신협,JB-1D7A3BBABD8C,전주중산신용협동조합 지점,connected by <=5m coordinate links; not a deduplication or verified building
CL5-0077,35.8533332,127.1065263,1,1,은행,JB-1DA8ECCADD27,전북은행 팔복동,connected by <=5m coordinate links; not a deduplication or verified building
CL5-0078,35.4622947,127.6010607,1,1,우체국,JB-1DE6BC4701EE,남원인월우체국,connected by <=5m coordinate links; not a deduplication or verified building
CL5-0079,35.8132563,126.4146296,1,1,우체국,JB-1DFA12972C69,군산선유도우체국,connected by <=5m coordinate links; not a deduplication or verified building
CL5-0080,35.8155163,127.1054819,1,1,은행,JB-1EB2BE66478C,IBK기업은행 서전주,connected by <=5m coordinate links; not a deduplication or verified building
CL5-0081,35.8363062,127.0599833,1,1,신협,JB-1EE143D57BCA,전주파티마신용협동조합 지점,connected by <=5m coordinate links; not a deduplication or verified building
CL5-0082,35.8725524,127.0763011,1,1,우체국,JB-1EF19DE4F35F,전주여의동우체국,connected by <=5m coordinate links; not a deduplication or verified building
CL5-0083,35.7939663,126.9012821,1,1,우체국,JB-1F0BFB986276,김제역전우편취급국,connected by <=5m coordinate links; not a deduplication or verified building
CL5-0084,36.0062865,127.661139,1,1,우체국,JB-2050FD712790,무주우체국,connected by <=5m coordinate links; not a deduplication or verified building
CL5-0085,35.7277902,126.736946,1,1,은행,JB-207E5F3E13F6,전북은행 부안,connected by <=5m coordinate links; not a deduplication or verified building
CL5-0086,35.8716431,127.1223676,1,1,은행,JB-20C9294A30DB,KB국민은행 송천동,connected by <=5m coordinate links; not a deduplication or verified building
CL5-0087,35.8343242,127.1355375,1,1,은행,JB-20FA8721FCFA,전북은행 금암,connected by <=5m coordinate links; not a deduplication or verified building
CL5-0088,35.512527,127.4015635,1,1,우체국,JB-225E9B390244,남원보절우체국,connected by <=5m coordinate links; not a deduplication or verified building
CL5-0089,35.4150016,127.3900069,1,1,새마을금고,JB-2265A94F8C13,지리산 (시청로) 새마을금고,connected by <=5m coordinate links; not a deduplication or verified building
CL5-0090,35.7992832,126.8895722,1,1,은행,JB-2339BAA7A873,전북은행 김제,connected by <=5m coordinate links; not a deduplication or verified building
CL5-0091,35.4066559,127.376743,1,1,새마을금고,JB-23689A201B4A,남원중앙 (서부) 새마을금고,connected by <=5m coordinate links; not a deduplication or verified building
CL5-0092,35.521042,126.7017001,1,1,우체국,JB-23959CAFB64E,고창흥덕우체국,connected by <=5m coordinate links; not a deduplication or verified building
CL5-0093,35.9682563,126.7409835,2,2,우체국 | 은행,JB-23D5FE1B006F | JB-903E6A826D42,신한은행 군산법원(출) | 전주지법군산지원우체국,connected by <=5m coordinate links; not a deduplication or verified building
CL5-0094,35.9599098,126.9890151,1,1,은행,JB-23F2FDEEB8F2,IBK기업은행 익산,connected by <=5m coordinate links; not a deduplication or verified building
CL5-0095,35.5666493,127.0297438,1,1,우체국,JB-243EF47DC22C,정읍산내우체국,connected by <=5m coordinate links; not a deduplication or verified building
CL5-0096,35.3282434,127.2981389,1,1,우체국,JB-243F9E18DFEB,남원금지우체국,connected by <=5m coordinate links; not a deduplication or verified building
CL5-0097,35.4451884,126.4937815,1,1,우체국,JB-245969F9B2B8,고창상하우체국,connected by <=5m coordinate links; not a deduplication or verified building
CL5-0098,35.7033837,127.5785327,1,1,우체국,JB-2461AAB6ACDD,장수계남우체국,connected by <=5m coordinate links; not a deduplication or verified building
CL5-0099,35.8240945,127.1480437,2,1,은행,JB-248D8F79ABF1 | JB-4AC6AAB91F46,NH농협은행 전주시청 | 전북은행 전주시청,connected by <=5m coordinate links; not a deduplication or verified building
CL5-0100,36.0079547,127.7886715,1,1,우체국,JB-2493A47B99B6,무주설천우체국,connected by <=5m coordinate links; not a deduplication or verified building
CL5-0101,35.513488,126.6741087,1,1,우체국,JB-24AC01C22E25,고창부안우체국,connected by <=5m coordinate links; not a deduplication or verified building
CL5-0102,35.9623208,126.715211,1,1,은행,JB-250A4BE3A4BA,전북은행 수송동,connected by <=5m coordinate links; not a deduplication or verified building
CL5-0103,35.97607,126.7410803,1,1,은행,JB-2512CF009E8A,전북은행 조촌디오션,connected by <=5m coordinate links; not a deduplication or verified building
CL5-0104,35.7972839,127.125258,1,1,신협,JB-2541C7AC6007,전주삼천신용협동조합 지점,connected by <=5m coordinate links; not a deduplication or verified building
CL5-0105,35.566285,126.860882,1,1,새마을금고,JB-25A92C07BA13,상명 (본점) 새마을금고,connected by <=5m coordinate links; not a deduplication or verified building
CL5-0106,35.7921394,127.1171253,1,1,새마을금고,JB-25C4CABE8CD3,신전주 (본점) 새마을금고,connected by <=5m coordinate links; not a deduplication or verified building
CL5-0107,35.5055867,127.6109476,1,1,우체국,JB-2612F161A8FB,남원아영우체국,connected by <=5m coordinate links; not a deduplication or verified building
CL5-0108,35.8380275,127.0590118,1,1,은행,JB-26363C34E929,전북은행 혁신도시,connected by <=5m coordinate links; not a deduplication or verified building
CL5-0109,35.6484088,127.5183677,1,1,신협,JB-263862B704FC,장수신용협동조합 본점,connected by <=5m coordinate links; not a deduplication or verified building
CL5-0110,35.8502901,127.0832131,1,1,신협,JB-26E66F90AFB8,셰플러코리아신용협동조합 본점,connected by <=5m coordinate links; not a deduplication or verified building
CL5-0111,35.4349761,126.69772,1,1,은행,JB-27313764A912,전북은행 고창,connected by <=5m coordinate links; not a deduplication or verified building
CL5-0112,35.9583467,126.979872,1,1,새마을금고,JB-2733485B5A46,익산중앙 (어양) 새마을금고,connected by <=5m coordinate links; not a deduplication or verified building
CL5-0113,35.9788232,126.724509,1,1,우체국,JB-275F09C709C6,군산경암동우체국,connected by <=5m coordinate links; not a deduplication or verified building
CL5-0114,35.8577845,126.7676982,1,1,우체국,JB-27C82B75A5BA,김제진봉우체국,connected by <=5m coordinate links; not a deduplication or verified building
CL5-0115,35.7257524,126.7376459,1,1,새마을금고,JB-2832AF83AEE0,부령 (봉덕) 새마을금고,connected by <=5m coordinate links; not a deduplication or verified building
CL5-0116,35.8390854,127.137978,1,1,우체국,JB-288F8934CA56,전주금암2동우편취급국,connected by <=5m coordinate links; not a deduplication or verified building
CL5-0117,35.8172701,127.1054789,1,1,은행,JB-28B7162B76E6,우리은행 전주중앙금융센터,connected by <=5m coordinate links; not a deduplication or verified building
CL5-0118,35.8411383,127.131589,2,2,우체국 | 은행,JB-28DA13BADEFF | JB-6B57F5B282AC,전북대학교우편취급국 | 전북은행 전북대,connected by <=5m coordinate links; not a deduplication or verified building
CL5-0119,36.0892185,126.9350982,1,1,우체국,JB-291D6D96EB8F,익산성당우체국,connected by <=5m coordinate links; not a deduplication or verified building
CL5-0120,35.8267934,127.1540243,1,1,우체국,JB-29A53FCC0325,전주중노송동우체국,connected by <=5m coordinate links; not a deduplication or verified building
CL5-0121,35.6045263,126.9906905,1,1,우체국,JB-2A41250AA0D9,정읍칠보우체국,connected by <=5m coordinate links; not a deduplication or verified building
CL5-0122,35.6494438,127.5196352,1,1,우체국,JB-2AE2AF0569F9,장수우체국,connected by <=5m coordinate links; not a deduplication or verified building
CL5-0123,35.8557375,127.1186171,1,1,은행,JB-2AE3AFA4F139,전북은행 송천동,connected by <=5m coordinate links; not a deduplication or verified building
CL5-0124,35.8525105,127.1065709,1,1,새마을금고,JB-2AFDD392BD8F,신도 (본점) 새마을금고,connected by <=5m coordinate links; not a deduplication or verified building
CL5-0125,36.0644904,126.8772927,1,1,우체국,JB-2B45EE0AD027,익산웅포우체국,connected by <=5m coordinate links; not a deduplication or verified building
CL5-0126,35.6553144,126.7853408,1,1,우체국,JB-2B5999F2A18B,정읍영원우체국,connected by <=5m coordinate links; not a deduplication or verified building
CL5-0127,35.8728824,127.1337985,1,1,새마을금고,JB-2B684154A3EC,동부 (에코세병로) 새마을금고,connected by <=5m coordinate links; not a deduplication or verified building
CL5-0128,35.8309029,127.116212,1,1,은행,JB-2B764B501208,전북은행 서신동,connected by <=5m coordinate links; not a deduplication or verified building
CL5-0129,35.5641038,126.854254,1,1,새마을금고,JB-2C0CDC4B0049,정읍 (시기) 새마을금고,connected by <=5m coordinate links; not a deduplication or verified building
CL5-0130,35.9881813,126.7114706,1,1,새마을금고,JB-2CA137774D9C,군산중부 (본점) 새마을금고,connected by <=5m coordinate links; not a deduplication or verified building
CL5-0131,35.3924908,127.0950081,1,1,우체국,JB-2D6D788D1A0D,순창팔덕우체국,connected by <=5m coordinate links; not a deduplication or verified building
CL5-0132,35.500126,127.0017637,1,1,새마을금고,JB-2DBB452C1A05,쌍치 (본점) 새마을금고,connected by <=5m coordinate links; not a deduplication or verified building
CL5-0133,35.8804932,127.1341872,1,1,신협,JB-2DC713F6C87B,전주가나안신용협동조합 본점,connected by <=5m coordinate links; not a deduplication or verified building
CL5-0134,35.9389618,126.9517742,1,1,새마을금고,JB-2DDF557B6C5E,원광 (역전) 새마을금고,connected by <=5m coordinate links; not a deduplication or verified building
CL5-0135,35.7912619,127.4246965,2,2,신협 | 은행,JB-2E10CADC091A | JB-77E650777507,NH농협은행 진안군청 | 진안군청신용협동조합 본점,connected by <=5m coordinate links; not a deduplication or verified building
CL5-0136,35.9386229,126.9505751,1,1,은행,JB-2F10740F5AB6,NH농협은행 익산중앙지점,connected by <=5m coordinate links; not a deduplication or verified building
CL5-0137,36.0790749,126.9579831,1,1,신협,JB-2F30EAF7C8D7,함열신용협동조합 본점,connected by <=5m coordinate links; not a deduplication or verified building
CL5-0138,35.9450648,126.9434162,1,1,새마을금고,JB-2F4D4B52C7F9,익산서부 (모현) 새마을금고,connected by <=5m coordinate links; not a deduplication or verified building
CL5-0139,35.8301955,127.1690674,1,1,은행,JB-2F897D5001B8,전북은행 아중,connected by <=5m coordinate links; not a deduplication or verified building
CL5-0140,35.8347941,127.0982398,1,1,새마을금고,JB-2FE68D86044C,신도 (서곡) 새마을금고,connected by <=5m coordinate links; not a deduplication or verified building
CL5-0141,35.4167665,127.384574,1,1,신협,JB-306ADC882292,온누리신용협동조합 본점,connected by <=5m coordinate links; not a deduplication or verified building
CL5-0142,35.8525696,126.8191198,1,1,새마을금고,JB-3086DD70BB0B,만경 (본점) 새마을금고,connected by <=5m coordinate links; not a deduplication or verified building
CL5-0143,35.9666773,126.7054628,1,1,새마을금고,JB-30893E5170CD,남군산 (나운) 새마을금고,connected by <=5m coordinate links; not a deduplication or verified building
CL5-0144,35.9587426,126.9749563,1,1,은행,JB-315D142A1613,NH농협은행 익산시지부,connected by <=5m coordinate links; not a deduplication or verified building
CL5-0145,35.9614298,126.6924619,1,1,신협,JB-3170EBDB4837,군산중앙신용협동조합 본점,connected by <=5m coordinate links; not a deduplication or verified building
CL5-0146,35.5308398,127.5429999,1,1,우체국,JB-317D9ECC4669,장수번암우체국,connected by <=5m coordinate links; not a deduplication or verified building
CL5-0147,35.9842478,126.8489498,1,1,우체국,JB-31BB9F123946,군산임피우편취급국,connected by <=5m coordinate links; not a deduplication or verified building
CL5-0148,35.8094766,127.1010709,1,1,새마을금고,JB-3235EA21CFE0,열린 (미소) 새마을금고,connected by <=5m coordinate links; not a deduplication or verified building
CL5-0149,35.8604076,127.1504936,1,1,새마을금고,JB-3262E37C4471,동부 (호성) 새마을금고,connected by <=5m coordinate links; not a deduplication or verified building
CL5-0150,36.0063782,127.6617843,1,1,은행,JB-3285E6D97490,NH농협은행 무주군지부,connected by <=5m coordinate links; not a deduplication or verified building
CL5-0151,35.9691824,127.850619,1,1,우체국,JB-329C6618C98F,무주무풍우체국,connected by <=5m coordinate links; not a deduplication or verified building
CL5-0152,35.8732038,127.0757827,1,1,신협,JB-32BB77C75641,전주행복신용협동조합 본점,connected by <=5m coordinate links; not a deduplication or verified building
CL5-0153,36.0063145,126.9448272,1,1,새마을금고,JB-331655D4DCE7,신익산 (본점) 새마을금고,connected by <=5m coordinate links; not a deduplication or verified building
CL5-0154,35.9418353,126.7488918,1,1,우체국,JB-33207E596DFC,군산옥산우체국,connected by <=5m coordinate links; not a deduplication or verified building
CL5-0155,35.8060636,127.124205,1,1,우체국,JB-339E7C7891E1,전주효자동우체국,connected by <=5m coordinate links; not a deduplication or verified building
CL5-0156,35.8305073,127.1155212,1,1,은행,JB-33C5F83A374C,KB국민은행 서신동,connected by <=5m coordinate links; not a deduplication or verified building
CL5-0157,35.5622628,127.3551467,1,1,우체국,JB-340FD279E0C7,임실지사우체국,connected by <=5m coordinate links; not a deduplication or verified building
CL5-0158,35.8176416,127.1233508,1,1,새마을금고,JB-345CCB9A43AF,서전주 (어은로) 새마을금고,connected by <=5m coordinate links; not a deduplication or verified building
CL5-0159,35.6146955,127.2840614,1,1,새마을금고,JB-34D417E43A39,임실 (본점) 새마을금고,connected by <=5m coordinate links; not a deduplication or verified building
CL5-0160,35.9692647,126.7059776,1,1,우체국,JB-3505339CFAE3,군산나운2동우체국,connected by <=5m coordinate links; not a deduplication or verified building
CL5-0161,35.9167454,127.0811742,1,1,새마을금고,JB-351534D3C3BF,완주 (삼례) 새마을금고,connected by <=5m coordinate links; not a deduplication or verified building
CL5-0162,35.9503489,126.6803556,2,2,우체국 | 은행,JB-358B37559853 | JB-93E202B1974F,군산대학교우편취급국 | 전북은행 군산대,connected by <=5m coordinate links; not a deduplication or verified building
CL5-0163,35.6134328,127.2779236,1,1,은행,JB-362E45982A5C,NH농협은행 임실군지부,connected by <=5m coordinate links; not a deduplication or verified building
CL5-0164,35.9751012,126.7449616,1,1,우체국,JB-3689C00743E7,군산세종우편취급국,connected by <=5m coordinate links; not a deduplication or verified building
CL5-0165,35.6209563,127.0392613,1,1,우체국,JB-36E4D4457EC1,정읍산외우편취급국,connected by <=5m coordinate links; not a deduplication or verified building
CL5-0166,35.9746783,127.2049396,1,1,신협,JB-376F4BF9BE10,완주신용협동조합 본점,connected by <=5m coordinate links; not a deduplication or verified building
CL5-0167,35.7240713,126.7370311,1,1,신협,JB-385B38991F2E,부안신용협동조합 본점,connected by <=5m coordinate links; not a deduplication or verified building
CL5-0168,35.9876463,126.7099764,1,1,은행,JB-3866178ACB09,IBK기업은행 군산,connected by <=5m coordinate links; not a deduplication or verified building
CL5-0169,35.7950431,127.1052723,1,1,신협,JB-38B7D66EC47E,전주동부신용협동조합 지점,connected by <=5m coordinate links; not a deduplication or verified building
CL5-0170,35.8214425,127.116399,1,1,신협,JB-38EED017464B,전주동부신용협동조합 지점,connected by <=5m coordinate links; not a deduplication or verified building
CL5-0171,35.7858287,127.6133958,1,1,우체국,JB-38F8CC6AA529,장수계북우체국,connected by <=5m coordinate links; not a deduplication or verified building
CL5-0172,35.9582541,126.9763641,1,1,은행,JB-38FD56E31787,우리은행 익산영등동지점,connected by <=5m coordinate links; not a deduplication or verified building
CL5-0173,35.963118,126.7151906,1,1,은행,JB-394E6F20048F,SC제일은행 군산,connected by <=5m coordinate links; not a deduplication or verified building
CL5-0174,35.7981429,127.1408914,1,1,새마을금고,JB-398D4E0E8C68,신전주 (평화) 새마을금고,connected by <=5m coordinate links; not a deduplication or verified building
CL5-0175,35.6732186,126.711259,1,1,우체국,JB-39CDCCE73433,부안주산우체국,connected by <=5m coordinate links; not a deduplication or verified building
CL5-0176,35.9639058,126.5656229,1,1,우체국,JB-39F14FA7AE5C,군산산업단지우체국,connected by <=5m coordinate links; not a deduplication or verified building
CL5-0177,35.4279966,127.457569,1,1,우체국,JB-3A438B14655F,남원이백우체국,connected by <=5m coordinate links; not a deduplication or verified building
CL5-0178,36.1173435,125.9817566,1,1,우체국,JB-3A8B473DA0D8,군산어청도우체국,connected by <=5m coordinate links; not a deduplication or verified building
CL5-0179,35.6220564,127.0411649,1,1,새마을금고,JB-3B01663C5CDE,산외 (본점) 새마을금고,connected by <=5m coordinate links; not a deduplication or verified building
CL5-0180,35.9766195,126.7065639,1,1,신협,JB-3B23565B5174,군산해성신용협동조합 본점,connected by <=5m coordinate links; not a deduplication or verified building
CL5-0181,35.8454867,127.1208421,1,1,새마을금고,JB-3B468E0B52B1,동부 (본점) 새마을금고,connected by <=5m coordinate links; not a deduplication or verified building
CL5-0182,36.1185994,126.9525197,1,1,신협,JB-3B6F3B9C1F8F,용안신용협동조합 본점,connected by <=5m coordinate links; not a deduplication or verified building
CL5-0183,35.4604046,126.5398964,1,1,신협,JB-3C9ABD2CC34E,고창신용협동조합 지점,connected by <=5m coordinate links; not a deduplication or verified building
CL5-0184,35.8277708,127.1089346,1,1,새마을금고,JB-3CCA745CE321,열린 (행복) 새마을금고,connected by <=5m coordinate links; not a deduplication or verified building
CL5-0185,35.6424375,126.876531,1,1,우체국,JB-3D24FD75A163,정읍정우우체국,connected by <=5m coordinate links; not a deduplication or verified building
CL5-0186,35.8155398,127.1064724,1,1,은행,JB-3D43318C3F1B,KB국민은행 서전주,connected by <=5m coordinate links; not a deduplication or verified building
CL5-0187,35.7715093,126.8162113,1,1,우체국,JB-3D85B0F76D6C,김제죽산우체국,connected by <=5m coordinate links; not a deduplication or verified building
CL5-0188,35.958182,126.9752418,1,1,새마을금고,JB-3DF679C913F6,원광 (본점) 새마을금고,connected by <=5m coordinate links; not a deduplication or verified building
CL5-0189,36.0214733,127.2503495,1,1,우체국,JB-3E3B9864B5F5,완주경천우편취급국,connected by <=5m coordinate links; not a deduplication or verified building
CL5-0190,36.0068453,127.6603208,1,1,은행,JB-3E50BA01DAD0,NH농협은행 무주군청,connected by <=5m coordinate links; not a deduplication or verified building
CL5-0191,35.5637711,126.8546802,1,1,새마을금고,JB-401F2496C800,상명 (시기) 새마을금고,connected by <=5m coordinate links; not a deduplication or verified building
CL5-0192,35.8161584,127.0888821,3,3,신협 | 우체국 | 은행,JB-403D3EEA9DF2 | JB-70B2782DD9ED | JB-B0AD5BB2C6C7,전주대학교신용협동조합 본점 | 우리은행 전주대학교(출) | 전주대학교우편취급국,connected by <=5m coordinate links; not a deduplication or verified building
CL5-0193,35.8350307,127.167661,1,1,새마을금고,JB-4070C53A6866,신도 (아중) 새마을금고,connected by <=5m coordinate links; not a deduplication or verified building
CL5-0194,35.5341745,126.8909397,1,1,우체국,JB-40D36E546712,정읍금붕동우편취급국,connected by <=5m coordinate links; not a deduplication or verified building
CL5-0195,35.5298224,127.1618232,1,1,새마을금고,JB-40F938E32A4A,임실 (강덕) 새마을금고,connected by <=5m coordinate links; not a deduplication or verified building
CL5-0196,35.9464951,126.9758546,1,1,은행,JB-413A603447E9,하나은행 익산공단,connected by <=5m coordinate links; not a deduplication or verified building
CL5-0197,35.8000965,126.9012798,1,1,신협,JB-413DD6BC5B00,김제신용협동조합 본점,connected by <=5m coordinate links; not a deduplication or verified building
CL5-0198,35.4300128,127.3252752,1,1,우체국,JB-4204BFD676AB,남원대산우체국,connected by <=5m coordinate links; not a deduplication or verified building
CL5-0199,35.9318324,126.9506442,1,1,은행,JB-431C7F8D8164,전북은행 인화동,connected by <=5m coordinate links; not a deduplication or verified building
CL5-0200,35.6846217,127.1781846,1,1,우체국,JB-437627BFFBBC,임실신덕우체국,connected by <=5m coordinate links; not a deduplication or verified building
CL5-0201,35.9761486,126.7405385,1,1,은행,JB-43B4E3CC8C92,우리은행 군산디오션시티(출),connected by <=5m coordinate links; not a deduplication or verified building
CL5-0202,35.9465723,126.9432653,1,1,은행,JB-43CEA6D3139B,전북은행 모현동,connected by <=5m coordinate links; not a deduplication or verified building
CL5-0203,35.8347507,127.1649896,1,1,신협,JB-449799AAB0C8,전주혁신신용협동조합 지점,connected by <=5m coordinate links; not a deduplication or verified building
CL5-0204,35.9390549,127.1678928,1,1,우체국,JB-45768229B00F,완주봉동우체국,connected by <=5m coordinate links; not a deduplication or verified building
CL5-0205,35.4086792,127.380412,1,1,우체국,JB-457B92D1CD09,남원우체국,connected by <=5m coordinate links; not a deduplication or verified building
CL5-0206,35.8423042,127.1394815,1,1,새마을금고,JB-45B87D665B89,금암 (북부) 새마을금고,connected by <=5m coordinate links; not a deduplication or verified building
CL5-0207,35.5888351,126.6781538,1,1,새마을금고,JB-464C1AE531AF,남부안 (줄포) 새마을금고,connected by <=5m coordinate links; not a deduplication or verified building
CL5-0208,35.9574875,126.9897507,1,1,신협,JB-4676956BF486,원광중앙신용협동조합 지점,connected by <=5m coordinate links; not a deduplication or verified building
CL5-0209,35.9695099,126.7162815,1,1,은행,JB-46CEB973FD07,우리은행 군산금융센터,connected by <=5m coordinate links; not a deduplication or verified building
CL5-0210,35.7951923,127.1330935,1,1,신협,JB-46F0E8E7DDDB,전주성가신용협동조합 본점,connected by <=5m coordinate links; not a deduplication or verified building
CL5-0211,35.9623534,127.1217292,1,1,새마을금고,JB-4718F6E9EDAC,한누리 (둔산) 새마을금고,connected by <=5m coordinate links; not a deduplication or verified building
CL5-0212,35.9034186,126.8400785,1,1,우체국,JB-474520FD61AF,김제청하우체국,connected by <=5m coordinate links; not a deduplication or verified building
CL5-0213,35.8488702,127.1580844,1,1,은행,JB-475101C71716,전북은행 전주첫마중길,connected by <=5m coordinate links; not a deduplication or verified building
CL5-0214,35.9906636,126.7102871,1,1,신협,JB-4772FFD81652,전북서부항운노조신용협동조합 본점,connected by <=5m coordinate links; not a deduplication or verified building
CL5-0215,35.8173459,127.1469289,1,1,은행,JB-477641A822FA,IBK기업은행 전주,connected by <=5m coordinate links; not a deduplication or verified building
CL5-0216,35.9346755,126.9455962,1,1,새마을금고,JB-4801AE183F50,이리평화 (본점) 새마을금고,connected by <=5m coordinate links; not a deduplication or verified building
CL5-0217,35.8278633,127.1338358,1,1,새마을금고,JB-4854CAAAC892,중부 (벚꽃) 새마을금고,connected by <=5m coordinate links; not a deduplication or verified building
CL5-0218,35.9581877,126.9903421,1,1,새마을금고,JB-4949E64C5B6E,익산중앙 (부송) 새마을금고,connected by <=5m coordinate links; not a deduplication or verified building
CL5-0219,35.967603,126.7368676,2,1,은행,JB-497C8D9BDCAE | JB-5AB474A278D4,전북은행 군산시청 | NH농협은행 군산시청,connected by <=5m coordinate links; not a deduplication or verified building
CL5-0220,35.9990197,126.9450593,1,1,신협,JB-4A6CC8D3F2DA,익산믿음신용협동조합 본점,connected by <=5m coordinate links; not a deduplication or verified building
CL5-0221,35.6478007,127.5187228,1,1,새마을금고,JB-4A8AF7D4B53D,장수 (본점) 새마을금고,connected by <=5m coordinate links; not a deduplication or verified building
CL5-0222,35.9746092,127.2072453,1,1,우체국,JB-4A8E9A579869,완주고산우체국,connected by <=5m coordinate links; not a deduplication or verified building
CL5-0223,35.9551821,126.9734685,1,1,신협,JB-4AA2B6A83CA1,황등신용협동조합 지점,connected by <=5m coordinate links; not a deduplication or verified building
CL5-0224,35.7978046,126.9038574,1,1,새마을금고,JB-4AE0863FE2F4,김제하나 (신풍) 새마을금고,connected by <=5m coordinate links; not a deduplication or verified building
CL5-0225,35.8414357,127.120924,1,1,우체국,JB-4B647C504E30,전주현대우편취급국,connected by <=5m coordinate links; not a deduplication or verified building
CL5-0226,35.6037909,126.2943797,1,1,우체국,JB-4B7101B508B7,부안위도우체국,connected by <=5m coordinate links; not a deduplication or verified building
CL5-0227,35.9430145,127.6593819,1,1,우체국,JB-4B9F1DAD5690,무주적상우체국,connected by <=5m coordinate links; not a deduplication or verified building
CL5-0228,35.8632192,127.121325,1,1,은행,JB-4BC03610BBA5,전북은행 솔내,connected by <=5m coordinate links; not a deduplication or verified building
CL5-0229,35.8331439,127.162484,1,1,신협,JB-4BC2AC6E5AAD,노송신용협동조합 본점,connected by <=5m coordinate links; not a deduplication or verified building
CL5-0230,35.9613036,126.7007677,1,1,은행,JB-4C9E208B3507,하나은행 나운동,connected by <=5m coordinate links; not a deduplication or verified building
CL5-0231,35.8286302,126.8925973,1,1,우체국,JB-4CB2596A21D3,김제백산우체국,connected by <=5m coordinate links; not a deduplication or verified building
CL5-0232,35.5009015,127.0041594,1,1,우체국,JB-4D4AECD74582,순창쌍치우체국,connected by <=5m coordinate links; not a deduplication or verified building
CL5-0233,35.8351128,127.1161019,1,1,새마을금고,JB-4D50CD7F7145,서전주 (선수촌) 새마을금고,connected by <=5m coordinate links; not a deduplication or verified building
CL5-0234,35.8057989,127.1270999,1,1,신협,JB-4DF2E9811758,전주파티마신용협동조합 지점,connected by <=5m coordinate links; not a deduplication or verified building
CL5-0235,35.9671905,126.7151846,1,1,은행,JB-4EAC7779439A,IBK기업은행 군산수송,connected by <=5m coordinate links; not a deduplication or verified building
CL5-0236,35.9875655,126.714029,1,1,은행,JB-4ED18D6B504A,전북은행 군산,connected by <=5m coordinate links; not a deduplication or verified building
CL5-0237,35.4898503,126.7138279,1,1,우체국,JB-4EE4B046B0E2,고창신림우체국,connected by <=5m coordinate links; not a deduplication or verified building
CL5-0238,35.9117582,127.0739502,1,1,우체국,JB-4F0146872E45,완주우체국,connected by <=5m coordinate links; not a deduplication or verified building
CL5-0239,36.0779079,127.010263,1,1,우체국,JB-4FE7459D93E1,익산낭산우체국,connected by <=5m coordinate links; not a deduplication or verified building
CL5-0240,35.4399869,126.6360063,1,1,우체국,JB-5097BBDEEB24,고창아산우체국,connected by <=5m coordinate links; not a deduplication or verified building
CL5-0241,35.8311471,127.1389929,1,1,신협,JB-50D44ED89916,원광신용협동조합 지점,connected by <=5m coordinate links; not a deduplication or verified building
CL5-0242,35.9581778,126.9746396,1,1,신협,JB-50EABAFE94AA,함열신용협동조합 지점,connected by <=5m coordinate links; not a deduplication or verified building
CL5-0243,35.9410673,126.9545375,1,1,신협,JB-5138D941DB96,이리신용협동조합 본점,connected by <=5m coordinate links; not a deduplication or verified building
CL5-0244,35.9647057,126.7023948,1,1,은행,JB-51519796B00D,전북은행 서나운,connected by <=5m coordinate links; not a deduplication or verified building
CL5-0245,35.6635724,126.8394503,1,1,우체국,JB-51EB65787915,정읍이평우체국,connected by <=5m coordinate links; not a deduplication or verified building
CL5-0246,35.5300513,127.1642671,1,1,우체국,JB-51FAB57159DA,임실강진우체국,connected by <=5m coordinate links; not a deduplication or verified building
CL5-0247,35.8371446,127.1560479,1,1,은행,JB-5258876EBB76,전북은행 안골,connected by <=5m coordinate links; not a deduplication or verified building
CL5-0248,35.9238809,126.6878388,1,1,우체국,JB-52D6A9D8E174,군산옥구우체국,connected by <=5m coordinate links; not a deduplication or verified building
CL5-0249,35.8194622,127.1063969,3,2,우체국 | 은행,JB-52E301D0F470 | JB-8FA0C7F5597B | JB-90A6E97F99EF,전북도청출장소 | 전북은행 전북특별자치도청 | NH농협은행 전북특별자치도청,connected by <=5m coordinate links; not a deduplication or verified building
CL5-0250,35.9926611,127.0533455,1,1,신협,JB-530E67D2015F,금마신용협동조합 본점,connected by <=5m coordinate links; not a deduplication or verified building
CL5-0251,35.8036576,126.8877119,1,1,은행,JB-536CF35BDF8B,KB국민은행 김제,connected by <=5m coordinate links; not a deduplication or verified building
CL5-0252,35.9683757,126.7061683,1,1,은행,JB-539700E2D2B1,우리은행 군산나운동지점,connected by <=5m coordinate links; not a deduplication or verified building
CL5-0253,35.7088515,127.3241213,1,1,우체국,JB-53B442837899,진안성수우체국,connected by <=5m coordinate links; not a deduplication or verified building
CL5-0254,35.9847743,126.7174927,1,1,은행,JB-53B4496AE3F8,KB국민은행 군산,connected by <=5m coordinate links; not a deduplication or verified building
CL5-0255,35.460951,126.5405075,1,1,우체국,JB-5490BDCDA91B,고창해리우체국,connected by <=5m coordinate links; not a deduplication or verified building
CL5-0256,35.7153778,126.6626865,1,1,우체국,JB-553E534EAAA6,부안하서우체국,connected by <=5m coordinate links; not a deduplication or verified building
CL5-0257,35.8193378,127.1471523,1,1,신협,JB-5589BA0567FC,원광신용협동조합 본점,connected by <=5m coordinate links; not a deduplication or verified building
CL5-0258,35.6909547,127.3971785,1,1,우체국,JB-55A3DA1CB512,진안백운우체국,connected by <=5m coordinate links; not a deduplication or verified building
CL5-0259,36.1391193,127.0180335,1,1,우체국,JB-55C697FF6D8D,익산망성우체국,connected by <=5m coordinate links; not a deduplication or verified building
CL5-0260,35.8206354,127.1464278,1,1,은행,JB-562ADC24DCC1,신한은행 전주,connected by <=5m coordinate links; not a deduplication or verified building
CL5-0261,35.9578745,126.989617,1,1,우체국,JB-56B58E663359,익산부송동우체국,connected by <=5m coordinate links; not a deduplication or verified building
CL5-0262,35.9581279,126.9737629,2,1,은행,JB-5761E55229D6 | JB-B12B6DBD3CD7,KB국민은행 영등동 | 신한은행 익산금융센터,connected by <=5m coordinate links; not a deduplication or verified building
CL5-0263,35.9322548,126.9579364,1,1,우체국,JB-58322DEA3347,익산주현동우체국,connected by <=5m coordinate links; not a deduplication or verified building
CL5-0264,36.078636,126.9620278,1,1,우체국,JB-5921FC447472,익산함열우체국,connected by <=5m coordinate links; not a deduplication or verified building
CL5-0265,35.526972,126.8087008,1,1,우체국,JB-59ED66FBC72F,정읍입암우체국,connected by <=5m coordinate links; not a deduplication or verified building
CL5-0266,35.8056064,127.1228124,1,1,은행,JB-5A468FA007C5,NH농협은행 효자동지점,connected by <=5m coordinate links; not a deduplication or verified building
CL5-0267,35.7228542,126.7376264,1,1,은행,JB-5A5725BB32B6,NH농협은행 부안군지부,connected by <=5m coordinate links; not a deduplication or verified building
CL5-0268,35.814858,127.106474,1,1,새마을금고,JB-5B0541DDA01F,남부 (홍산로) 새마을금고,connected by <=5m coordinate links; not a deduplication or verified building
CL5-0269,36.0592862,126.9099711,1,1,우체국,JB-5B87C3368F04,익산함라우체국,connected by <=5m coordinate links; not a deduplication or verified building
CL5-0270,35.7944052,126.9430294,1,1,우체국,JB-5C3DA2C7BFBA,김제황산우체국,connected by <=5m coordinate links; not a deduplication or verified building
CL5-0271,35.847593,127.0826794,1,1,신협,JB-5CD7D69BF5BD,전주혁신신용협동조합 본점,connected by <=5m coordinate links; not a deduplication or verified building
CL5-0272,35.8719572,127.0760768,1,1,새마을금고,JB-5D2861919A08,조촌 (본점) 새마을금고,connected by <=5m coordinate links; not a deduplication or verified building
CL5-0273,35.8666095,127.1336634,1,1,새마을금고,JB-5D7BEE5D526B,금암 (천마) 새마을금고,connected by <=5m coordinate links; not a deduplication or verified building
CL5-0274,35.8056856,127.1138729,1,1,신협,JB-5DFA5699BEF4,전주파티마신용협동조합 지점,connected by <=5m coordinate links; not a deduplication or verified building
CL5-0275,35.5903972,126.6790254,1,1,우체국,JB-5E2BAA1DE063,부안줄포우체국,connected by <=5m coordinate links; not a deduplication or verified building
CL5-0276,35.867766,127.6542704,1,1,우체국,JB-5E8F60E75F39,무주안성우체국,connected by <=5m coordinate links; not a deduplication or verified building
CL5-0277,35.8192364,127.1503148,1,1,은행,JB-60264C238092,NH농협은행 전주한옥마을지점,connected by <=5m coordinate links; not a deduplication or verified building
CL5-0278,35.9716742,126.6814518,1,1,은행,JB-605D1DD5341D,전북은행 소룡동,connected by <=5m coordinate links; not a deduplication or verified building
CL5-0279,35.9734468,126.7025849,1,1,우체국,JB-605E93196113,군산문화동우체국,connected by <=5m coordinate links; not a deduplication or verified building
CL5-0280,35.9507102,126.9582061,1,1,새마을금고,JB-60B758DAAE92,북부 (본점) 새마을금고,connected by <=5m coordinate links; not a deduplication or verified building
CL5-0281,35.7342367,126.8446387,1,1,우체국,JB-615203151E4C,김제부량우편취급국,connected by <=5m coordinate links; not a deduplication or verified building
CL5-0282,35.8274542,127.1160269,1,1,신협,JB-618FF1C5DE8D,서신신용협동조합 본점,connected by <=5m coordinate links; not a deduplication or verified building
CL5-0283,35.7992833,126.8909141,1,1,신협,JB-620E7DB84425,김제신용협동조합 지점,connected by <=5m coordinate links; not a deduplication or verified building
CL5-0284,35.7962843,127.1220586,1,1,우체국,JB-6217CB620D51,전주삼천동우체국,connected by <=5m coordinate links; not a deduplication or verified building
CL5-0285,35.730166,126.7065768,1,1,우체국,JB-62553FB6D9A0,부안행안우체국,connected by <=5m coordinate links; not a deduplication or verified building
CL5-0286,35.6867475,126.8856107,1,1,신협,JB-627B5E8DFF2C,정읍애신용협동조합 본점,connected by <=5m coordinate links; not a deduplication or verified building
CL5-0287,35.8043564,127.1028786,1,1,은행,JB-62968A654D44,NH농협은행 전북특별자치도교육청,connected by <=5m coordinate links; not a deduplication or verified building
CL5-0288,35.9625219,126.6980023,1,1,우체국,JB-62AE3CF3337A,군산나운동우체국,connected by <=5m coordinate links; not a deduplication or verified building
CL5-0289,35.768048,127.2101861,1,1,우체국,JB-63AE2BD0C914,완주상관우체국,connected by <=5m coordinate links; not a deduplication or verified building
CL5-0290,35.4357906,126.7020655,1,1,은행,JB-640295149153,NH농협은행 고창군청,connected by <=5m coordinate links; not a deduplication or verified building
CL5-0291,35.5381909,127.3281947,1,1,새마을금고,JB-6470AD8E9087,임실 (오수) 새마을금고,connected by <=5m coordinate links; not a deduplication or verified building
CL5-0292,35.9094719,127.0740898,1,1,신협,JB-647CD6611FBC,삼례신용협동조합 본점,connected by <=5m coordinate links; not a deduplication or verified building
CL5-0293,35.7312494,127.5824789,1,1,새마을금고,JB-6508517980DC,장계 (본점) 새마을금고,connected by <=5m coordinate links; not a deduplication or verified building
CL5-0294,35.8144006,127.1054584,2,1,우체국,JB-656D748D6EC1 | JB-CAD3DB0D12FF,전북지방우정청 | 전주우체국,connected by <=5m coordinate links; not a deduplication or verified building
CL5-0295,35.4348584,126.699139,1,1,우체국,JB-66163997E016,고창삼흥우편취급국,connected by <=5m coordinate links; not a deduplication or verified building
CL5-0296,35.9397959,126.9509616,1,1,은행,JB-662A211D0250,전북은행 익산,connected by <=5m coordinate links; not a deduplication or verified building
CL5-0297,35.3965488,127.3644326,1,1,우체국,JB-66AFD22592E5,남원광한루우편취급국,connected by <=5m coordinate links; not a deduplication or verified building
CL5-0298,35.8980024,127.5509395,1,1,우체국,JB-6705195F66D1,진안안천우체국,connected by <=5m coordinate links; not a deduplication or verified building
CL5-0299,35.8445557,127.1472179,1,1,우체국,JB-6788495B4FF0,동전주우체국,connected by <=5m coordinate links; not a deduplication or verified building
CL5-0300,35.5097231,127.1571996,1,1,우체국,JB-67926F8A5743,임실덕치우체국,connected by <=5m coordinate links; not a deduplication or verified building
CL5-0301,35.4151022,127.3906785,1,1,은행,JB-67CD9B276F4E,전북은행 남원,connected by <=5m coordinate links; not a deduplication or verified building
CL5-0302,35.9321137,126.9519761,1,1,새마을금고,JB-67DE8F5139EB,인화 (본점) 새마을금고,connected by <=5m coordinate links; not a deduplication or verified building
CL5-0303,35.432895,126.697243,1,1,신협,JB-681E3399F4DE,고창신용협동조합 본점,connected by <=5m coordinate links; not a deduplication or verified building
CL5-0304,35.8268603,127.1432386,1,1,은행,JB-68572D661C13,NH농협은행 전주시지부,connected by <=5m coordinate links; not a deduplication or verified building
CL5-0305,35.8260856,127.1345457,1,1,은행,JB-6868C5FCE89C,전북은행 진북동,connected by <=5m coordinate links; not a deduplication or verified building
CL5-0306,35.9654889,126.9629406,1,1,새마을금고,JB-692CB95B67C8,원광 (원대병원) 새마을금고,connected by <=5m coordinate links; not a deduplication or verified building
CL5-0307,35.416993,127.3979359,1,1,우체국,JB-69D5F7D4FDF5,남원도통동우체국,connected by <=5m coordinate links; not a deduplication or verified building
CL5-0308,35.963236,126.9542547,1,1,우체국,JB-6A64F33A12D4,익산신동우체국,connected by <=5m coordinate links; not a deduplication or verified building
CL5-0309,35.8237911,127.1418989,1,1,우체국,JB-6AB2193EF67D,전주태평동우체국,connected by <=5m coordinate links; not a deduplication or verified building
CL5-0310,35.9115765,127.0678117,2,2,우체국 | 은행,JB-6ADAE5E4015F | JB-9EF99DB2E93B,우석대학교우편취급국 | 전북은행 우석대,connected by <=5m coordinate links; not a deduplication or verified building
CL5-0311,35.8326022,127.14066,1,1,우체국,JB-6AE646711C77,전주진북동우체국,connected by <=5m coordinate links; not a deduplication or verified building
CL5-0312,35.9408193,126.9314099,1,1,우체국,JB-6B04E457A19C,익산서송학우편취급국,connected by <=5m coordinate links; not a deduplication or verified building
CL5-0313,35.9636678,126.7145428,1,1,신협,JB-6B343FAF63F6,군산중앙신용협동조합 지점,connected by <=5m coordinate links; not a deduplication or verified building
CL5-0314,35.58571,126.8612367,1,1,은행,JB-6B3829D85042,NH농협은행 정읍지원,connected by <=5m coordinate links; not a deduplication or verified building
CL5-0315,35.8388139,127.0581566,1,1,은행,JB-6C01DA3D9A59,NH농협은행 전북혁신도시지점,connected by <=5m coordinate links; not a deduplication or verified building
CL5-0316,35.3784093,126.5128041,1,1,우체국,JB-6C9337BE6D4A,고창공음우체국,connected by <=5m coordinate links; not a deduplication or verified building
CL5-0317,35.7917937,127.4294616,1,1,새마을금고,JB-6CA33291D4AC,진안동부 (본점) 새마을금고,connected by <=5m coordinate links; not a deduplication or verified building
CL5-0318,35.7894341,127.4226944,1,1,새마을금고,JB-6DDDB5F484A1,진안 (본점) 새마을금고,connected by <=5m coordinate links; not a deduplication or verified building
CL5-0319,35.8528556,126.9551655,1,1,우체국,JB-6DF1E5BD80C3,김제용지우체국,connected by <=5m coordinate links; not a deduplication or verified building
CL5-0320,35.5085997,127.2750018,1,1,우체국,JB-6E27CCC670BF,임실삼계우체국,connected by <=5m coordinate links; not a deduplication or verified building
CL5-0321,35.8530011,127.1188984,2,1,은행,JB-6EE35E3422F4 | JB-BF6BC23B6B2B,NH농협은행 전주송천센트럴지점 | 우리은행 전주송천동지점,connected by <=5m coordinate links; not a deduplication or verified building
CL5-0322,35.7871197,127.1344037,1,1,은행,JB-6F0854ABC2FB,전북은행 평화동,connected by <=5m coordinate links; not a deduplication or verified building
CL5-0323,35.9499901,126.9748184,1,1,우체국,JB-6F192CC250AE,익산영등동우체국,connected by <=5m coordinate links; not a deduplication or verified building
CL5-0324,35.9386365,127.1656631,1,1,새마을금고,JB-6F8C1307C298,완주 (본점) 새마을금고,connected by <=5m coordinate links; not a deduplication or verified building
CL5-0325,35.8386888,127.0568631,1,1,신협,JB-6FF4809B0B4F,호남제일신용협동조합 지점,connected by <=5m coordinate links; not a deduplication or verified building
CL5-0326,35.9370365,126.949399,1,1,우체국,JB-700C81229D2A,익산중앙동우체국,connected by <=5m coordinate links; not a deduplication or verified building
CL5-0327,35.6470046,127.5215977,1,1,은행,JB-71CECD6F751F,NH농협은행 장수군청,connected by <=5m coordinate links; not a deduplication or verified building
CL5-0328,35.856581,127.1523696,1,1,신협,JB-72376B6F33B2,전주가나안신용협동조합 지점,connected by <=5m coordinate links; not a deduplication or verified building
CL5-0329,35.9523725,126.7104702,1,1,신협,JB-735B999C2E3E,군산월명신용협동조합 지점,connected by <=5m coordinate links; not a deduplication or verified building
CL5-0330,36.079187,126.9600222,1,1,은행,JB-752DC5380895,NH농협은행 함열,connected by <=5m coordinate links; not a deduplication or verified building
CL5-0331,35.6446982,126.9753294,1,1,우체국,JB-75394E1809F5,정읍옹동우체국,connected by <=5m coordinate links; not a deduplication or verified building
CL5-0332,36.0780376,126.9623372,1,1,신협,JB-759344274FBA,익산신용협동조합 본점,connected by <=5m coordinate links; not a deduplication or verified building
CL5-0333,35.9701095,126.7197657,1,1,신협,JB-7683A926CCA1,군산해성신용협동조합 지점,connected by <=5m coordinate links; not a deduplication or verified building
CL5-0334,36.0091479,127.7876811,1,1,새마을금고,JB-77165D6C4824,설천 (본점) 새마을금고,connected by <=5m coordinate links; not a deduplication or verified building
CL5-0335,35.7319112,127.5833864,1,1,신협,JB-7760890D77A7,무궁화신용협동조합 본점,connected by <=5m coordinate links; not a deduplication or verified building
CL5-0336,35.7989315,126.8916966,1,1,은행,JB-776E52958245,우리은행 김제지점,connected by <=5m coordinate links; not a deduplication or verified building
CL5-0337,35.7987919,127.1035605,1,1,신협,JB-77A3F0FC8E06,전주중산신용협동조합 지점,connected by <=5m coordinate links; not a deduplication or verified building
CL5-0338,35.9240466,126.6420217,1,1,신협,JB-77D307E84A14,옥서신용협동조합 본점,connected by <=5m coordinate links; not a deduplication or verified building
CL5-0339,35.8343315,127.1635665,1,1,은행,JB-7813053A90D7,NH농협은행 아중지점,connected by <=5m coordinate links; not a deduplication or verified building
CL5-0340,35.8162216,127.123379,1,1,은행,JB-78921996D2E8,전북은행 중산,connected by <=5m coordinate links; not a deduplication or verified building
CL5-0341,35.9643808,127.00891,1,1,우체국,JB-78A992C6FF7E,익산팔봉동우체국,connected by <=5m coordinate links; not a deduplication or verified building
CL5-0342,35.837881,127.1558652,1,1,신협,JB-78AD9B5C3A40,인후신용협동조합 본점,connected by <=5m coordinate links; not a deduplication or verified building
CL5-0343,35.9717139,126.9602237,2,2,우체국 | 은행,JB-79807C0F1786 | JB-913E074DBE05,전북은행 원광대 | 익산원광대학교취급국,connected by <=5m coordinate links; not a deduplication or verified building
CL5-0344,35.8726334,127.428136,1,1,우체국,JB-798AC59D0539,진안정천우체국,connected by <=5m coordinate links; not a deduplication or verified building
CL5-0345,35.8061445,127.1282619,1,1,은행,JB-79B669E4346B,전북은행 효자동,connected by <=5m coordinate links; not a deduplication or verified building
CL5-0346,35.7162585,126.9946131,1,1,우체국,JB-7A3F41091351,김제금산우체국,connected by <=5m coordinate links; not a deduplication or verified building
CL5-0347,35.4157518,126.5597737,1,1,우체국,JB-7AD3BD2AB7AA,고창무장우체국,connected by <=5m coordinate links; not a deduplication or verified building
CL5-0348,35.7988301,127.1142057,1,1,새마을금고,JB-7AE61A43413D,신전주 (삼천) 새마을금고,connected by <=5m coordinate links; not a deduplication or verified building
CL5-0349,35.8133676,127.1107388,1,1,새마을금고,JB-7B210E6E026E,열린 (희망) 새마을금고,connected by <=5m coordinate links; not a deduplication or verified building
CL5-0350,35.8735079,127.1279905,1,1,은행,JB-7B585D4CC329,NH농협은행 전주에코시티지점,connected by <=5m coordinate links; not a deduplication or verified building
CL5-0351,35.8260317,127.1436348,1,1,신협,JB-7BA6AD8DE80D,전주중앙신용협동조합 본점,connected by <=5m coordinate links; not a deduplication or verified building
CL5-0352,35.7971159,127.1247068,1,1,은행,JB-7D5DCD9EFC0B,전북은행 삼천동,connected by <=5m coordinate links; not a deduplication or verified building
CL5-0353,35.674374,127.269829,1,1,새마을금고,JB-7D64EEA0045C,임실 (관촌) 새마을금고,connected by <=5m coordinate links; not a deduplication or verified building
CL5-0354,35.4113151,127.3896382,1,1,새마을금고,JB-7E2446FD5A61,남원중앙 (본점) 새마을금고,connected by <=5m coordinate links; not a deduplication or verified building
CL5-0355,35.8451327,127.0967065,1,1,신협,JB-7E620A0AFE28,전주페이퍼신용협동조합 본점,connected by <=5m coordinate links; not a deduplication or verified building
CL5-0356,35.9645761,127.1274379,2,1,우체국,JB-7EB90279910C | JB-C7DCBC9B0AA8,전주과학산업단지우체국 | 전주우편집중국,connected by <=5m coordinate links; not a deduplication or verified building
CL5-0357,35.4061603,127.3819163,1,1,은행,JB-7EEBE2128A8E,IBK기업은행 남원,connected by <=5m coordinate links; not a deduplication or verified building
CL5-0358,35.8333574,127.1204446,1,1,은행,JB-7EEC3E6E4AE2,IBK기업은행 전주서신동,connected by <=5m coordinate links; not a deduplication or verified building
CL5-0359,35.8425658,127.1094802,1,1,새마을금고,JB-7F9FA35651DD,동부 (하가) 새마을금고,connected by <=5m coordinate links; not a deduplication or verified building
CL5-0360,35.8614454,127.1508803,1,1,우체국,JB-8094ADC63035,전주호성동우체국,connected by <=5m coordinate links; not a deduplication or verified building
CL5-0361,35.3657903,126.6469351,1,1,우체국,JB-80E6E61EDAAC,고창성송우체국,connected by <=5m coordinate links; not a deduplication or verified building
CL5-0362,35.839008,127.130914,1,1,은행,JB-81695639C53A,NH농협은행 금암동지점,connected by <=5m coordinate links; not a deduplication or verified building
CL5-0363,35.3742981,127.1431038,1,1,은행,JB-833352106075,전북은행 순창,connected by <=5m coordinate links; not a deduplication or verified building
CL5-0364,35.8205189,127.023777,1,1,우체국,JB-83F094FD5A72,완주이서우체국,connected by <=5m coordinate links; not a deduplication or verified building
CL5-0365,35.8216587,127.1460241,1,1,은행,JB-84379D8B553D,전북은행 따뜻한금융클리닉전주센터,connected by <=5m coordinate links; not a deduplication or verified building
CL5-0366,35.8323457,127.1127256,1,1,새마을금고,JB-846CFF161F16,서전주 (서천) 새마을금고,connected by <=5m coordinate links; not a deduplication or verified building
CL5-0367,35.4334685,126.9297843,1,1,우체국,JB-84BA3D327E33,순창복흥우체국,connected by <=5m coordinate links; not a deduplication or verified building
CL5-0368,35.8171636,127.146506,1,1,은행,JB-84E17DAD5E00,한국산업은행 전주,connected by <=5m coordinate links; not a deduplication or verified building
CL5-0369,35.4397243,127.2400457,1,1,신협,JB-8586DDA9FFC9,동계신용협동조합 본점,connected by <=5m coordinate links; not a deduplication or verified building
CL5-0370,35.7279584,126.7327237,1,1,새마을금고,JB-859A86FA5E47,부령 (본점) 새마을금고,connected by <=5m coordinate links; not a deduplication or verified building
CL5-0371,35.4438838,126.4914935,1,1,새마을금고,JB-85AFDF9BD622,고창 (상하) 새마을금고,connected by <=5m coordinate links; not a deduplication or verified building
CL5-0372,35.4190582,127.6269423,1,1,새마을금고,JB-87040599A362,남원 (산내) 새마을금고,connected by <=5m coordinate links; not a deduplication or verified building
CL5-0373,35.4286356,127.6205813,1,1,우체국,JB-873B50C9F36C,남원산내우체국,connected by <=5m coordinate links; not a deduplication or verified building
CL5-0374,35.9291259,126.9592424,1,1,새마을금고,JB-879A0480372D,인화 (동산) 새마을금고,connected by <=5m coordinate links; not a deduplication or verified building
CL5-0375,35.9603022,126.977003,1,1,우체국,JB-87A7ACA93A18,익산영등2동우체국,connected by <=5m coordinate links; not a deduplication or verified building
CL5-0376,35.6734119,127.2695168,1,1,우체국,JB-882B7068D10E,임실관촌우체국,connected by <=5m coordinate links; not a deduplication or verified building
CL5-0377,35.9691777,126.6975024,1,1,신협,JB-892BF4A4383F,군산대건신용협동조합 지점,connected by <=5m coordinate links; not a deduplication or verified building
CL5-0378,35.7331698,127.3703436,1,1,우체국,JB-89395C5F4680,진안마령우체국,connected by <=5m coordinate links; not a deduplication or verified building
CL5-0379,35.4364692,127.5301863,1,1,우체국,JB-8A863D0BA48F,남원운봉우체국,connected by <=5m coordinate links; not a deduplication or verified building
CL5-0380,35.9652289,126.7375466,1,1,우체국,JB-8ABAE75446F5,군산조촌동우체국,connected by <=5m coordinate links; not a deduplication or verified building
CL5-0381,35.9639821,127.5189299,1,1,우체국,JB-8AF233DADD32,진안용담우체국,connected by <=5m coordinate links; not a deduplication or verified building
CL5-0382,35.8143301,127.1326027,1,1,신협,JB-8B2ED058B5F1,예수병원신용협동조합 본점,connected by <=5m coordinate links; not a deduplication or verified building
CL5-0383,35.8204405,127.1460026,1,1,신협,JB-8B8149066CB6,온고을신용협동조합 본점,connected by <=5m coordinate links; not a deduplication or verified building
CL5-0384,35.378034,127.3212943,1,1,우체국,JB-8BFD8D9B28AD,남원주생우체국,connected by <=5m coordinate links; not a deduplication or verified building
CL5-0385,35.9821296,126.8771632,1,1,우체국,JB-8C220EA9BFA1,군산서수우체국,connected by <=5m coordinate links; not a deduplication or verified building
CL5-0386,35.819504,127.1504971,1,1,우체국,JB-8C40E47C7161,전주동부우편취급국,connected by <=5m coordinate links; not a deduplication or verified building
CL5-0387,35.9739567,126.7427363,1,1,새마을금고,JB-8C45AF012DC3,동군산 (양안) 새마을금고,connected by <=5m coordinate links; not a deduplication or verified building
CL5-0388,35.5684613,126.8473926,1,1,우체국,JB-8CA871F692E9,정읍우체국,connected by <=5m coordinate links; not a deduplication or verified building
CL5-0389,35.8090802,127.0962479,1,1,은행,JB-8CEAAA6E18CC,전북은행 호암로,connected by <=5m coordinate links; not a deduplication or verified building
CL5-0390,35.61066,126.6697041,1,1,새마을금고,JB-8E2AC86F8F66,남부안 (보안) 새마을금고,connected by <=5m coordinate links; not a deduplication or verified building
CL5-0391,35.9867606,126.7119692,1,1,은행,JB-8E53E6CDBF55,NH농협은행 군산중앙로지점,connected by <=5m coordinate links; not a deduplication or verified building
CL5-0392,36.0064076,127.658647,1,1,새마을금고,JB-8EA566BA0772,무주 (본점) 새마을금고,connected by <=5m coordinate links; not a deduplication or verified building
CL5-0393,35.415782,127.394771,1,1,새마을금고,JB-8ED71419D3CA,동남원 (도통) 새마을금고,connected by <=5m coordinate links; not a deduplication or verified building
CL5-0394,35.9642417,126.9579609,1,1,은행,JB-8F0B2DFC2F22,전북은행 원광,connected by <=5m coordinate links; not a deduplication or verified building
CL5-0395,35.408674,127.3795045,1,1,은행,JB-8F27AC6F03AF,NH농협은행 남원시지부,connected by <=5m coordinate links; not a deduplication or verified building
CL5-0396,35.8425188,127.0748493,3,2,우체국 | 은행,JB-8F352E2F571E | JB-DF7FB5FD1C43 | JB-E4DE164E643F,전주법원우체국 | NH농협은행 전주법원 | 전북은행 전주법원,connected by <=5m coordinate links; not a deduplication or verified building
CL5-0397,35.3776507,126.5123473,1,1,신협,JB-908DF2F73ED2,삼광신용협동조합 본점,connected by <=5m coordinate links; not a deduplication or verified building
CL5-0398,35.4370309,127.5314663,1,1,새마을금고,JB-91183789C5DD,운봉 (본점) 새마을금고,connected by <=5m coordinate links; not a deduplication or verified building
CL5-0399,35.834585,127.098668,1,1,은행,JB-915E883F26A2,전북은행 서곡,connected by <=5m coordinate links; not a deduplication or verified building
CL5-0400,35.9666434,127.0892685,1,1,우체국,JB-9180CFDC25E5,익산왕궁우체국,connected by <=5m coordinate links; not a deduplication or verified building
CL5-0401,35.6050283,126.886131,1,1,우체국,JB-91A6519F924E,정읍북면우체국,connected by <=5m coordinate links; not a deduplication or verified building
CL5-0402,35.4608569,127.6021528,1,1,새마을금고,JB-91B88B739CF8,지리산 (본점) 새마을금고,connected by <=5m coordinate links; not a deduplication or verified building
CL5-0403,35.8782801,127.1332883,1,1,새마을금고,JB-91EE8817BFA1,전주송천 (더샵2차) 새마을금고,connected by <=5m coordinate links; not a deduplication or verified building
CL5-0404,35.975245,126.7327538,1,1,새마을금고,JB-9267B5081A5C,금강 (조촌) 새마을금고,connected by <=5m coordinate links; not a deduplication or verified building
CL5-0405,35.8124191,127.1298788,1,1,새마을금고,JB-9270F2F08C4C,중부 (서원로) 새마을금고,connected by <=5m coordinate links; not a deduplication or verified building
CL5-0406,35.8416965,127.1106088,1,1,은행,JB-92B9ECC752E5,전북은행 하가,connected by <=5m coordinate links; not a deduplication or verified building
CL5-0407,35.4089047,126.6782538,1,1,우체국,JB-92E4A290ECB9,고창고수우체국,connected by <=5m coordinate links; not a deduplication or verified building
CL5-0408,35.9511835,126.983672,1,1,은행,JB-931F9F34B576,NH농협은행 어양센트럴지점,connected by <=5m coordinate links; not a deduplication or verified building
CL5-0409,35.8329294,126.7416735,1,1,우체국,JB-933CB44DF80C,김제광활우체국,connected by <=5m coordinate links; not a deduplication or verified building
CL5-0410,35.8288493,127.1324276,1,1,우체국,JB-949FD4268E98,전주진북2동우체국,connected by <=5m coordinate links; not a deduplication or verified building
CL5-0411,35.7308714,127.5824701,1,1,우체국,JB-94F1DE5AB4C5,장수장계우체국,connected by <=5m coordinate links; not a deduplication or verified building
CL5-0412,35.5397485,126.7402449,1,1,우체국,JB-94F5E6D03E66,고창성내우체국,connected by <=5m coordinate links; not a deduplication or verified building
CL5-0413,35.7876771,127.1309915,1,1,신협,JB-95554A04340F,전주성가신용협동조합 지점,connected by <=5m coordinate links; not a deduplication or verified building
CL5-0414,35.8141969,127.1184034,1,1,신협,JB-963D7AD96A93,전주상진신용협동조합 지점,connected by <=5m coordinate links; not a deduplication or verified building
CL5-0415,35.4225452,127.4071295,1,1,새마을금고,JB-96EA029AAACA,동남원 (본점) 새마을금고,connected by <=5m coordinate links; not a deduplication or verified building
CL5-0416,35.8165682,127.1472689,1,1,은행,JB-970B7BD6CB96,우리은행 전주금융센터,connected by <=5m coordinate links; not a deduplication or verified building
CL5-0417,35.9516522,126.957397,1,1,신협,JB-970C0E737774,이리신용협동조합 지점,connected by <=5m coordinate links; not a deduplication or verified building
CL5-0418,35.3744511,127.1375308,1,1,은행,JB-972EAED20C51,NH농협은행 순창군청,connected by <=5m coordinate links; not a deduplication or verified building
CL5-0419,35.7851164,127.1282299,1,1,새마을금고,JB-979F36B1C430,서전주 (평화) 새마을금고,connected by <=5m coordinate links; not a deduplication or verified building
CL5-0420,35.3407584,126.5995895,1,1,신협,JB-980A3FF611D0,대산신용협동조합 본점,connected by <=5m coordinate links; not a deduplication or verified building
CL5-0421,35.9671741,126.7161406,1,1,은행,JB-9837F2AFBA92,하나은행 군산,connected by <=5m coordinate links; not a deduplication or verified building
CL5-0422,35.9041482,127.1598677,1,1,은행,JB-9916589B3D35,NH농협은행 완주군지부,connected by <=5m coordinate links; not a deduplication or verified building
CL5-0423,35.7984044,127.1159665,1,1,은행,JB-997B9A4343D4,NH농협은행 삼천동지점,connected by <=5m coordinate links; not a deduplication or verified building
CL5-0424,35.5638818,126.8661534,1,1,우체국,JB-99B187B6920F,정읍상동우체국,connected by <=5m coordinate links; not a deduplication or verified building
CL5-0425,35.9535888,127.0041191,1,1,우체국,JB-99C0C60BFE41,익산2공단우체국,connected by <=5m coordinate links; not a deduplication or verified building
CL5-0426,35.8123477,127.1187769,1,1,은행,JB-99E9F0B5C4B2,전북은행 화산,connected by <=5m coordinate links; not a deduplication or verified building
CL5-0427,35.8395717,127.5689386,1,1,우체국,JB-9A814D662F6A,진안동향우체국,connected by <=5m coordinate links; not a deduplication or verified building
CL5-0428,35.5594865,126.8730427,1,1,새마을금고,JB-9AD3F5E854C8,상명 (상동) 새마을금고,connected by <=5m coordinate links; not a deduplication or verified building
CL5-0429,35.8333539,127.1221202,2,1,은행,JB-9B6033DAC70D | JB-A2936335FA05,수출입은행 전주 | NH농협은행 서신동지점,connected by <=5m coordinate links; not a deduplication or verified building
CL5-0430,35.8720635,127.1227011,1,1,은행,JB-9BF08520D4F1,신한은행 전주에코시티,connected by <=5m coordinate links; not a deduplication or verified building
CL5-0431,35.7494024,126.7393024,1,1,우체국,JB-9C17E05E78C1,부안동진우체국,connected by <=5m coordinate links; not a deduplication or verified building
CL5-0432,35.8392865,127.1559307,1,1,우체국,JB-9C73A61DA099,전주인후동우체국,connected by <=5m coordinate links; not a deduplication or verified building
CL5-0433,35.8036861,126.9065394,1,1,새마을금고,JB-9C819D6EBA95,새만금 (본점) 새마을금고,connected by <=5m coordinate links; not a deduplication or verified building
CL5-0434,36.1168573,126.9525205,1,1,우체국,JB-9D1B8045243C,익산용안우체국,connected by <=5m coordinate links; not a deduplication or verified building
CL5-0435,35.8050147,126.8857155,1,1,우체국,JB-9DAD7DF6001A,김제우체국,connected by <=5m coordinate links; not a deduplication or verified building
CL5-0436,35.9393359,126.9503654,1,1,은행,JB-9E63997820D3,KB국민은행 익산,connected by <=5m coordinate links; not a deduplication or verified building
CL5-0437,35.8116578,127.1145027,1,1,우체국,JB-9EE364D87F8D,전주서원우편취급국,connected by <=5m coordinate links; not a deduplication or verified building
CL5-0438,35.4099803,127.3828327,1,1,은행,JB-9F78655F2045,NH농협은행 남원지원,connected by <=5m coordinate links; not a deduplication or verified building
CL5-0439,35.5784524,126.8557246,1,1,새마을금고,JB-9F843EF76284,연지 (수성) 새마을금고,connected by <=5m coordinate links; not a deduplication or verified building
CL5-0440,35.9323252,126.9592425,1,1,신협,JB-9FB045FE4A08,이리주현신용협동조합 본점,connected by <=5m coordinate links; not a deduplication or verified building
CL5-0441,35.7285577,126.736758,1,1,우체국,JB-A003AD7ED7AD,부안우체국,connected by <=5m coordinate links; not a deduplication or verified building
CL5-0442,35.7161664,126.9953839,1,1,새마을금고,JB-A026A3E8D6C6,지평선 (본점) 새마을금고,connected by <=5m coordinate links; not a deduplication or verified building
CL5-0443,35.9628984,126.7152201,1,1,우체국,JB-A02CFCAF56F8,군산수송동우체국,connected by <=5m coordinate links; not a deduplication or verified building
CL5-0444,35.4066496,127.3801099,1,1,새마을금고,JB-A0E197C81856,남원 (본점) 새마을금고,connected by <=5m coordinate links; not a deduplication or verified building
CL5-0445,35.9374845,127.1684797,1,1,신협,JB-A18D8E378229,봉상신용협동조합 본점,connected by <=5m coordinate links; not a deduplication or verified building
CL5-0446,35.8184968,127.1459216,1,1,은행,JB-A1CB638AE75F,하나은행 전주금융센터,connected by <=5m coordinate links; not a deduplication or verified building
CL5-0447,35.5877352,126.6086267,1,1,새마을금고,JB-A1FAAAD3A45D,남부안 (본점) 새마을금고,connected by <=5m coordinate links; not a deduplication or verified building
CL5-0448,35.8195771,127.1416549,1,1,새마을금고,JB-A2F407C8AB48,열린 (본점) 새마을금고,connected by <=5m coordinate links; not a deduplication or verified building
CL5-0449,35.4612944,127.6028848,1,1,신협,JB-A421A23DBD7E,온누리신용협동조합 지점,connected by <=5m coordinate links; not a deduplication or verified building
CL5-0450,35.5824215,126.8553762,1,1,새마을금고,JB-A43BD6787268,정읍 (수성) 새마을금고,connected by <=5m coordinate links; not a deduplication or verified building
CL5-0451,35.9671258,126.7147699,1,1,신협,JB-A43FA05D348B,군산월명신용협동조합 본점,connected by <=5m coordinate links; not a deduplication or verified building
CL5-0452,35.4064745,127.3724821,1,1,새마을금고,JB-A46EB8A939C7,남원 (서부) 새마을금고,connected by <=5m coordinate links; not a deduplication or verified building
CL5-0453,35.942742,126.6888971,1,1,새마을금고,JB-A486AC969130,남군산 (본점) 새마을금고,connected by <=5m coordinate links; not a deduplication or verified building
CL5-0454,36.0314514,126.8317798,1,1,우체국,JB-A490D94501DE,군산나포우체국,connected by <=5m coordinate links; not a deduplication or verified building
CL5-0455,35.6594339,127.1596716,1,1,우체국,JB-A58D1BCB9575,임실운암우체국,connected by <=5m coordinate links; not a deduplication or verified building
CL5-0456,35.5700188,127.2022839,1,1,우체국,JB-A67210F7B550,임실청웅우체국,connected by <=5m coordinate links; not a deduplication or verified building
CL5-0457,35.5693303,126.856295,2,1,은행,JB-A69686993B16 | JB-F1E350AD3C80,전북은행 정읍시청 | NH농협은행 정읍시청,connected by <=5m coordinate links; not a deduplication or verified building
CL5-0458,35.8258513,127.1372393,1,1,신협,JB-A6D6BCD81213,전주중산신용협동조합 본점,connected by <=5m coordinate links; not a deduplication or verified building
CL5-0459,35.9255191,126.6447635,1,1,우체국,JB-A70CE77A15D6,군산옥서우체국,connected by <=5m coordinate links; not a deduplication or verified building
CL5-0460,35.8250853,127.1176234,1,1,은행,JB-A75F46837426,전북은행 서진로,connected by <=5m coordinate links; not a deduplication or verified building
CL5-0461,35.8208548,127.1463946,1,1,은행,JB-A85C5B0BA30C,전북은행 경원동,connected by <=5m coordinate links; not a deduplication or verified building
CL5-0462,35.9768375,126.7405689,1,1,신협,JB-A85FC9937603,군산팔마신용협동조합 지점,connected by <=5m coordinate links; not a deduplication or verified building
CL5-0463,35.8566434,127.152525,1,1,은행,JB-A94008768BFD,전북은행 호성동,connected by <=5m coordinate links; not a deduplication or verified building
CL5-0464,35.7993613,127.1440709,1,1,은행,JB-A962543DBDE1,전북은행 장승로,connected by <=5m coordinate links; not a deduplication or verified building
CL5-0465,35.9648631,126.7019158,1,1,신협,JB-A97895C3E2A5,군산제일신용협동조합 본점,connected by <=5m coordinate links; not a deduplication or verified building
CL5-0466,36.1359138,126.9995398,1,1,신협,JB-A98BDCFB32B8,용안신용협동조합 지점,connected by <=5m coordinate links; not a deduplication or verified building
CL5-0467,35.7543555,126.961492,1,1,우체국,JB-A9A29A96E99F,김제봉남우체국,connected by <=5m coordinate links; not a deduplication or verified building
CL5-0468,35.5713595,126.8469606,1,1,새마을금고,JB-A9FD78260605,연지 (본점) 새마을금고,connected by <=5m coordinate links; not a deduplication or verified building
CL5-0469,35.8319311,127.1633529,1,1,새마을금고,JB-AA2C8FE46935,동부 (인후) 새마을금고,connected by <=5m coordinate links; not a deduplication or verified building
CL5-0470,35.8118558,127.1549835,1,1,우체국,JB-AA54854492DA,전주교동우편취급국,connected by <=5m coordinate links; not a deduplication or verified building
CL5-0471,35.9755044,126.679154,1,1,우체국,JB-AA59A6578D71,군산소룡동우체국,connected by <=5m coordinate links; not a deduplication or verified building
CL5-0472,35.6889055,126.8870354,1,1,새마을금고,JB-AA67A8B0AAFD,신태인 (본점) 새마을금고,connected by <=5m coordinate links; not a deduplication or verified building
CL5-0473,35.9754604,126.7257431,1,1,신협,JB-AB6B34908314,군산팔마신용협동조합 본점,connected by <=5m coordinate links; not a deduplication or verified building
CL5-0474,35.8554949,127.2337608,1,1,우체국,JB-ABF18DFA156B,완주소양우체국,connected by <=5m coordinate links; not a deduplication or verified building
CL5-0475,35.8549674,127.1554247,1,1,신협,JB-AC458661087E,전주호성신용협동조합 본점,connected by <=5m coordinate links; not a deduplication or verified building
CL5-0476,35.8466775,127.1507452,1,1,은행,JB-AC7E3889197C,NH농협은행 인후동지점,connected by <=5m coordinate links; not a deduplication or verified building
CL5-0477,35.7958714,126.8781899,1,1,새마을금고,JB-ADA4A92023C2,지평선 (교월) 새마을금고,connected by <=5m coordinate links; not a deduplication or verified building
CL5-0478,35.4179323,127.3978953,1,1,새마을금고,JB-ADB8E0A15822,남원 (동부) 새마을금고,connected by <=5m coordinate links; not a deduplication or verified building
CL5-0479,35.7620046,126.6989532,1,1,우체국,JB-AE8047301A36,부안계화우체국,connected by <=5m coordinate links; not a deduplication or verified building
CL5-0480,35.9223957,126.6835263,1,1,새마을금고,JB-B0E18C549DE4,남군산 (옥구) 새마을금고,connected by <=5m coordinate links; not a deduplication or verified building
CL5-0481,35.822745,127.1431487,1,1,신협,JB-B2FEF71942C7,전주상진신용협동조합 본점,connected by <=5m coordinate links; not a deduplication or verified building
CL5-0482,35.3741868,127.1432032,1,1,은행,JB-B3C811BFDACC,NH농협은행 순창군지부,connected by <=5m coordinate links; not a deduplication or verified building
CL5-0483,35.3384434,127.3717049,1,1,우체국,JB-B3D70181C033,남원수지우체국,connected by <=5m coordinate links; not a deduplication or verified building
CL5-0484,35.4349326,126.7002417,1,1,새마을금고,JB-B3FF48974FD9,고창 (본점) 새마을금고,connected by <=5m coordinate links; not a deduplication or verified building
CL5-0485,35.8255582,127.1168869,1,1,은행,JB-B4042D2F0E6A,하나은행 서신동,connected by <=5m coordinate links; not a deduplication or verified building
CL5-0486,35.8246312,127.4862378,1,1,우체국,JB-B407C36DC52D,진안상전우체국,connected by <=5m coordinate links; not a deduplication or verified building
CL5-0487,35.7919632,127.4304068,1,1,우체국,JB-B4699649A7AB,진안우체국,connected by <=5m coordinate links; not a deduplication or verified building
CL5-0488,35.4169984,127.3974743,1,1,신협,JB-B49A7A243926,온누리신용협동조합 지점,connected by <=5m coordinate links; not a deduplication or verified building
CL5-0489,35.8325575,127.1337352,1,1,신협,JB-B4CD158D8091,전주상진신용협동조합 지점,connected by <=5m coordinate links; not a deduplication or verified building
CL5-0490,35.842527,127.1519368,1,1,새마을금고,JB-B4DDC6758313,늘푸른 (어울림) 새마을금고,connected by <=5m coordinate links; not a deduplication or verified building
CL5-0491,35.5559971,126.7780036,1,1,우체국,JB-B4F1F736C5A9,정읍소성우체국,connected by <=5m coordinate links; not a deduplication or verified building
CL5-0492,35.8160831,127.1064459,1,1,신협,JB-B4F3C8E9EFD9,전주파티마신용협동조합 본점,connected by <=5m coordinate links; not a deduplication or verified building
CL5-0493,35.3762883,127.1401585,1,1,우체국,JB-B50A2CDC2C75,순창우체국,connected by <=5m coordinate links; not a deduplication or verified building
CL5-0494,35.8807799,127.1560877,1,1,우체국,JB-B541EA8692B2,완주용진우체국,connected by <=5m coordinate links; not a deduplication or verified building
CL5-0495,35.9843652,126.7083411,1,1,신협,JB-B54EA05265F3,군산월명신용협동조합 지점,connected by <=5m coordinate links; not a deduplication or verified building
CL5-0496,36.0354531,127.2028952,1,1,우체국,JB-B5B468E36D89,완주화산우체국,connected by <=5m coordinate links; not a deduplication or verified building
CL5-0497,35.9440791,127.1263014,1,1,은행,JB-B5E06CE72376,하나은행 전주공단,connected by <=5m coordinate links; not a deduplication or verified building
CL5-0498,35.9863187,126.7124538,1,1,우체국,JB-B75A720396FE,군산우체국,connected by <=5m coordinate links; not a deduplication or verified building
CL5-0499,35.8636512,127.1143081,1,1,새마을금고,JB-B7A58729CE13,전주송천 (대명) 새마을금고,connected by <=5m coordinate links; not a deduplication or verified building
CL5-0500,35.8665632,127.1268709,1,1,새마을금고,JB-B7DD0A953FDE,전주송천 (주공.현대3차) 새마을금고,connected by <=5m coordinate links; not a deduplication or verified building
CL5-0501,35.5237545,126.5510092,1,1,우체국,JB-B7E91FC59474,고창심원우체국,connected by <=5m coordinate links; not a deduplication or verified building
CL5-0502,35.9122129,126.755396,1,1,우체국,JB-B7EEB5F2E9E4,군산회현우편취급국,connected by <=5m coordinate links; not a deduplication or verified building
CL5-0503,35.8062134,127.1268687,1,1,새마을금고,JB-B7F69A6DBC9F,중부 (본점) 새마을금고,connected by <=5m coordinate links; not a deduplication or verified building
CL5-0504,35.7374779,127.5339767,1,1,우체국,JB-B84C818A0632,장수천천우체국,connected by <=5m coordinate links; not a deduplication or verified building
CL5-0505,35.8176618,127.1462389,1,1,우체국,JB-B91AA5CCA389,전주경원동우체국,connected by <=5m coordinate links; not a deduplication or verified building
CL5-0506,35.6517839,126.9396166,1,1,새마을금고,JB-B933FACE195F,태인 (본점) 새마을금고,connected by <=5m coordinate links; not a deduplication or verified building
CL5-0507,35.9587589,126.9759874,1,1,은행,JB-B970FADF9C0B,하나은행 익산,connected by <=5m coordinate links; not a deduplication or verified building
CL5-0508,35.9830634,126.7195057,1,1,새마을금고,JB-B9A27CAAC291,금강 (본점) 새마을금고,connected by <=5m coordinate links; not a deduplication or verified building
CL5-0509,35.8344611,127.1326681,1,1,신협,JB-BA731D0B1A18,전북고속신용협동조합 본점,connected by <=5m coordinate links; not a deduplication or verified building
CL5-0510,35.8058151,127.1342276,1,1,우체국,JB-BAFC3F838AC1,전주광진우편취급국,connected by <=5m coordinate links; not a deduplication or verified building
CL5-0511,35.6863035,126.6787943,1,1,우체국,JB-BB6904E339EA,부안상서우체국,connected by <=5m coordinate links; not a deduplication or verified building
CL5-0512,36.0594879,127.0843685,1,1,신협,JB-BC7685CD1413,여산일심신용협동조합 본점,connected by <=5m coordinate links; not a deduplication or verified building
CL5-0513,35.87503,127.1271969,1,1,신협,JB-BE3A44E7D4F1,전주덕진신용협동조합 본점,connected by <=5m coordinate links; not a deduplication or verified building
CL5-0514,35.4347965,126.7008052,1,1,은행,JB-BFA592A47AEA,NH농협은행 고창군지부,connected by <=5m coordinate links; not a deduplication or verified building
CL5-0515,35.8625628,127.1266168,1,1,새마을금고,JB-BFC37B9BC337,전주송천 (신일) 새마을금고,connected by <=5m coordinate links; not a deduplication or verified building
CL5-0516,35.6172637,127.2889986,1,1,은행,JB-C0D9B12EFC69,NH농협은행 임실군청,connected by <=5m coordinate links; not a deduplication or verified building
CL5-0517,35.9650975,126.7677767,1,1,우체국,JB-C0F3B9DD839F,군산개정우체국,connected by <=5m coordinate links; not a deduplication or verified building
CL5-0518,35.9968162,127.1393658,1,1,우체국,JB-C0F45415DE85,완주비봉우체국,connected by <=5m coordinate links; not a deduplication or verified building
CL5-0519,35.8418241,127.0577502,1,1,신협,JB-C13F570A1835,인후신용협동조합 지점,connected by <=5m coordinate links; not a deduplication or verified building
CL5-0520,36.1104046,126.9915639,1,1,우체국,JB-C2074D0588DE,익산용동출장소,connected by <=5m coordinate links; not a deduplication or verified building
CL5-0521,35.7917685,127.4286585,1,1,은행,JB-C22FFB665F18,전북은행 진안,connected by <=5m coordinate links; not a deduplication or verified building
CL5-0522,35.8358873,127.1349268,1,1,새마을금고,JB-C27FE1903985,금암 (본점) 새마을금고,connected by <=5m coordinate links; not a deduplication or verified building
CL5-0523,35.5404478,127.3271108,1,1,우체국,JB-C28F384FB696,임실오수우체국,connected by <=5m coordinate links; not a deduplication or verified building
CL5-0524,35.9729245,127.5606738,1,1,우체국,JB-C2A2B5B215AB,무주부남우체국,connected by <=5m coordinate links; not a deduplication or verified building
CL5-0525,35.9384301,126.915187,1,1,우체국,JB-C2F0159954B0,익산오산우체국,connected by <=5m coordinate links; not a deduplication or verified building
CL5-0526,35.9500007,126.9580924,1,1,우체국,JB-C354A20384D5,익산남중동우체국,connected by <=5m coordinate links; not a deduplication or verified building
CL5-0527,35.84526,127.1529121,1,1,신협,JB-C3594536482A,양우신용협동조합 본점,connected by <=5m coordinate links; not a deduplication or verified building
CL5-0528,35.8748856,127.1282113,1,1,은행,JB-C42C3F56FFF1,Sh수협은행 전주,connected by <=5m coordinate links; not a deduplication or verified building
CL5-0529,35.9605635,127.1280017,1,1,은행,JB-C4908EFBD25F,전북은행 완주산단,connected by <=5m coordinate links; not a deduplication or verified building
CL5-0530,35.9742837,127.2092968,1,1,새마을금고,JB-C5A132D84861,한누리 (본점) 새마을금고,connected by <=5m coordinate links; not a deduplication or verified building
CL5-0531,35.9835638,126.7098497,1,1,신협,JB-C6E087336036,군산반석신용협동조합 지점,connected by <=5m coordinate links; not a deduplication or verified building
CL5-0532,35.5874749,126.6069846,1,1,우체국,JB-C74F75C6E461,부안곰소우체국,connected by <=5m coordinate links; not a deduplication or verified building
CL5-0533,35.8697493,127.1364281,1,1,신협,JB-C7A2D4EA39E8,인후신용협동조합 지점,connected by <=5m coordinate links; not a deduplication or verified building
CL5-0534,35.5683315,126.8526822,1,1,새마을금고,JB-C92C988BA295,정읍 (본점) 새마을금고,connected by <=5m coordinate links; not a deduplication or verified building
CL5-0535,35.837298,127.0721794,1,1,은행,JB-C97F53BA1FF0,우리은행 국민연금공단금융센터,connected by <=5m coordinate links; not a deduplication or verified building
CL5-0536,35.8812186,127.1547067,1,1,신협,JB-C9E925E8655E,용진신용협동조합 본점,connected by <=5m coordinate links; not a deduplication or verified building
CL5-0537,35.8069405,127.1163257,1,1,신협,JB-CA96139F8D40,전주대건신용협동조합 지점,connected by <=5m coordinate links; not a deduplication or verified building
CL5-0538,36.0071905,126.9442634,1,1,신협,JB-CAE22F9806F6,황등신용협동조합 본점,connected by <=5m coordinate links; not a deduplication or verified building
CL5-0539,35.3466455,127.2278872,1,1,우체국,JB-CB064B7D8DBF,남원대강우체국,connected by <=5m coordinate links; not a deduplication or verified building
CL5-0540,35.7160513,126.9304448,1,1,우체국,JB-CB76F80837E9,정읍감곡우편취급국,connected by <=5m coordinate links; not a deduplication or verified building
CL5-0541,36.0072849,127.6613673,1,1,은행,JB-CBCAEFD4DD04,전북은행 무주,connected by <=5m coordinate links; not a deduplication or verified building
CL5-0542,35.6638843,126.5286081,1,1,우체국,JB-CBE2CFB62187,부안변산우체국,connected by <=5m coordinate links; not a deduplication or verified building
CL5-0543,35.9604274,126.5504463,1,1,은행,JB-CC06CF3D97BD,신한은행 새만금금융센터,connected by <=5m coordinate links; not a deduplication or verified building
CL5-0544,35.9480701,126.9460932,1,1,신협,JB-CD999B61CFD5,우리신용협동조합 지점,connected by <=5m coordinate links; not a deduplication or verified building
CL5-0545,35.9622879,126.5894404,1,1,신협,JB-CDF21316BB35,군산타타신용협동조합 본점,connected by <=5m coordinate links; not a deduplication or verified building
CL5-0546,35.9981069,126.7543842,1,1,신협,JB-CE2F42288432,군산대건신용협동조합 지점,connected by <=5m coordinate links; not a deduplication or verified building
CL5-0547,35.9694981,126.7149615,1,1,은행,JB-CE4BEA30EC7A,NH농협은행 수송동지점,connected by <=5m coordinate links; not a deduplication or verified building
CL5-0548,35.7960565,127.1060803,1,1,새마을금고,JB-CEE2C63E0A04,남전주 (효천) 새마을금고,connected by <=5m coordinate links; not a deduplication or verified building
CL5-0549,35.5820059,126.855047,1,1,우체국,JB-CF5B7B528A39,정읍수성동우체국,connected by <=5m coordinate links; not a deduplication or verified building
CL5-0550,35.4917799,127.4756788,1,1,새마을금고,JB-CF6FA3F9C3B5,동남원 (산동) 새마을금고,connected by <=5m coordinate links; not a deduplication or verified building
CL5-0551,35.396934,127.206595,1,1,우체국,JB-CFB1FA5E45A5,순창적성우체국,connected by <=5m coordinate links; not a deduplication or verified building
CL5-0552,35.7148683,126.9295818,1,1,새마을금고,JB-CFC37446BB38,감곡 (본점) 새마을금고,connected by <=5m coordinate links; not a deduplication or verified building
CL5-0553,35.8612349,127.1218048,1,1,우체국,JB-CFD609117618,전주송천동우체국,connected by <=5m coordinate links; not a deduplication or verified building
CL5-0554,35.9503841,126.7151668,1,1,새마을금고,JB-D046F68CF2BF,남군산 (지곡) 새마을금고,connected by <=5m coordinate links; not a deduplication or verified building
CL5-0555,35.8182971,127.1112953,1,1,신협,JB-D0B836CD5870,전주동부신용협동조합 본점,connected by <=5m coordinate links; not a deduplication or verified building
CL5-0556,35.6469347,127.5206134,1,1,은행,JB-D12BBEF9984A,NH농협은행 장수군지부,connected by <=5m coordinate links; not a deduplication or verified building
CL5-0557,35.8479659,127.1410598,1,1,은행,JB-D19D42AA0159,전북은행 전북대병원,connected by <=5m coordinate links; not a deduplication or verified building
CL5-0558,35.4067981,127.3783026,1,1,은행,JB-D23440B2EFA1,KB국민은행 남원,connected by <=5m coordinate links; not a deduplication or verified building
CL5-0559,35.9403102,126.9511324,1,1,은행,JB-D2476475B5D5,우리은행 익산지점,connected by <=5m coordinate links; not a deduplication or verified building
CL5-0560,35.9533054,126.9412584,1,1,우체국,JB-D2C0AE37B643,익산우체국,connected by <=5m coordinate links; not a deduplication or verified building
CL5-0561,35.7912351,127.1363095,1,1,우체국,JB-D3B39D324C58,전주평화동우체국,connected by <=5m coordinate links; not a deduplication or verified building
CL5-0562,35.6138904,127.2830664,1,1,우체국,JB-D3B3FC82BD73,임실우체국,connected by <=5m coordinate links; not a deduplication or verified building
CL5-0563,35.8609155,127.0947731,1,1,은행,JB-D42DC161E11A,전북은행 전주공단,connected by <=5m coordinate links; not a deduplication or verified building
CL5-0564,35.9774944,126.6811448,1,1,신협,JB-D4F7AC9BF442,군산제일신용협동조합 지점,connected by <=5m coordinate links; not a deduplication or verified building
CL5-0565,35.8397434,127.1313819,2,2,우체국 | 은행,JB-D514A8F10467 | JB-DB8E1EE02E56,전북은행 영업부 | 전주전은빌딩우편취급국,connected by <=5m coordinate links; not a deduplication or verified building
CL5-0566,35.3972305,127.380184,1,1,새마을금고,JB-D69D237088F5,남원 (남부) 새마을금고,connected by <=5m coordinate links; not a deduplication or verified building
CL5-0567,35.7937751,127.1178499,1,1,우체국,JB-D71AD2FECC03,전주서부우편취급국,connected by <=5m coordinate links; not a deduplication or verified building
CL5-0568,35.83674,127.3603829,1,1,우체국,JB-D76B3F7DB4B2,진안부귀우체국,connected by <=5m coordinate links; not a deduplication or verified building
CL5-0569,35.9003745,127.0051561,1,1,우체국,JB-D7D1E0C1AA65,익산춘포우체국,connected by <=5m coordinate links; not a deduplication or verified building
CL5-0570,35.948276,126.9669791,1,1,신협,JB-D7FD4E2E93B4,우리신용협동조합 본점,connected by <=5m coordinate links; not a deduplication or verified building
CL5-0571,35.7984249,126.8855009,1,1,새마을금고,JB-D85B86074298,새만금 (요촌) 새마을금고,connected by <=5m coordinate links; not a deduplication or verified building
CL5-0572,35.8343704,127.1461899,1,1,은행,JB-D8AA17CA99D5,전북은행 모래내,connected by <=5m coordinate links; not a deduplication or verified building
CL5-0573,35.8063337,127.1170029,1,1,은행,JB-D8DBDBF14705,전북은행 안행교,connected by <=5m coordinate links; not a deduplication or verified building
CL5-0574,35.7745027,127.0106701,1,1,우체국,JB-D9B94E5DB97F,김제금구우체국,connected by <=5m coordinate links; not a deduplication or verified building
CL5-0575,36.0013525,126.9443777,1,1,우체국,JB-DA1AEAFDA6AB,익산황등우체국,connected by <=5m coordinate links; not a deduplication or verified building
CL5-0576,35.8432426,127.1265342,1,1,신협,JB-DA295C706211,전주덕진신용협동조합 지점,connected by <=5m coordinate links; not a deduplication or verified building
CL5-0577,35.8279866,127.1461027,1,1,새마을금고,JB-DA9E2E211372,늘푸른 (본점) 새마을금고,connected by <=5m coordinate links; not a deduplication or verified building
CL5-0578,35.9623036,126.7161159,1,1,은행,JB-DAB2A0BE1E9A,한국산업은행 군산,connected by <=5m coordinate links; not a deduplication or verified building
CL5-0579,35.3519263,127.0744772,1,1,우체국,JB-DCE5511DB9D8,순창금과우체국,connected by <=5m coordinate links; not a deduplication or verified building
CL5-0580,35.8101362,126.7920496,1,1,우체국,JB-DD5617B2F387,김제성덕우체국,connected by <=5m coordinate links; not a deduplication or verified building
CL5-0581,35.8213483,127.1455954,1,1,은행,JB-DDAABD1F0324,KB국민은행 전주,connected by <=5m coordinate links; not a deduplication or verified building
CL5-0582,35.963535,126.6930333,1,1,은행,JB-DDAAD658D84F,NH농협은행 나운센터지점,connected by <=5m coordinate links; not a deduplication or verified building
CL5-0583,35.4991767,127.359641,1,1,우체국,JB-DE2FDE217469,남원사매우체국,connected by <=5m coordinate links; not a deduplication or verified building
CL5-0584,35.9502542,126.9401684,1,1,새마을금고,JB-DE324DE7658F,원광 (모현) 새마을금고,connected by <=5m coordinate links; not a deduplication or verified building
CL5-0585,35.8037242,126.8799723,1,1,은행,JB-DE4F0B8FEEAC,NH농협은행 김제시청,connected by <=5m coordinate links; not a deduplication or verified building
CL5-0586,35.8544428,127.1194782,1,1,새마을금고,JB-DE623218277A,전주송천 (송천삼거리) 새마을금고,connected by <=5m coordinate links; not a deduplication or verified building
CL5-0587,35.4164245,127.3904652,1,1,은행,JB-DEC31B27913B,NH농협은행 남원시청,connected by <=5m coordinate links; not a deduplication or verified building
CL5-0588,35.8897986,127.73139,1,1,새마을금고,JB-DF2374D52321,설천 (무주덕유산리조트) 새마을금고,connected by <=5m coordinate links; not a deduplication or verified building
CL5-0589,35.5613686,126.8681466,1,1,은행,JB-DFCF74554CD5,우리은행 정읍지점,connected by <=5m coordinate links; not a deduplication or verified building
CL5-0590,35.8186157,127.1064589,1,1,은행,JB-E03FB8726C7A,신한은행 전북금융센터,connected by <=5m coordinate links; not a deduplication or verified building
CL5-0591,35.9916753,127.0524995,1,1,우체국,JB-E0B51EE9035A,익산금마우체국,connected by <=5m coordinate links; not a deduplication or verified building
CL5-0592,35.7987854,127.1277075,1,1,새마을금고,JB-E0CB4EF44599,남전주 (삼천용리로) 새마을금고,connected by <=5m coordinate links; not a deduplication or verified building
CL5-0593,35.8046114,127.1484688,1,1,신협,JB-E0DD5EE272D4,전주성가신용협동조합 지점,connected by <=5m coordinate links; not a deduplication or verified building
CL5-0594,35.4046854,127.3759841,1,1,신협,JB-E1D6C6309E19,온누리신용협동조합 지점,connected by <=5m coordinate links; not a deduplication or verified building
CL5-0595,35.8387092,127.0559464,1,1,은행,JB-E26DEF01A904,KB국민은행 전북혁신도시(점),connected by <=5m coordinate links; not a deduplication or verified building
CL5-0596,36.0195737,126.9839065,1,1,우체국,JB-E2AE24191B3D,익산삼기우체국,connected by <=5m coordinate links; not a deduplication or verified building
CL5-0597,35.8363206,127.1545457,1,1,은행,JB-E327E1208786,KB국민은행 인후동,connected by <=5m coordinate links; not a deduplication or verified building
CL5-0598,35.9758552,126.7372649,1,1,신협,JB-E38B5B750406,군산제일신용협동조합 지점,connected by <=5m coordinate links; not a deduplication or verified building
CL5-0599,35.8664618,127.1255386,1,1,신협,JB-E416648D793B,송천신용협동조합 본점,connected by <=5m coordinate links; not a deduplication or verified building
CL5-0600,35.5700466,126.8482528,1,1,은행,JB-E48FAE16DC88,IBK기업은행 정읍,connected by <=5m coordinate links; not a deduplication or verified building
CL5-0601,35.4160996,127.3883025,1,1,우체국,JB-E57A29929C3B,남원향교우편취급국,connected by <=5m coordinate links; not a deduplication or verified building
CL5-0602,35.7887106,127.135024,1,1,신협,JB-E5B0FCDEABBB,전주대건신용협동조합 지점,connected by <=5m coordinate links; not a deduplication or verified building
CL5-0603,35.9212831,127.1245903,1,1,은행,JB-E6997B1F0A79,IBK기업은행 완주산단,connected by <=5m coordinate links; not a deduplication or verified building
CL5-0604,35.8761031,127.0306712,1,1,우체국,JB-E6DF10384BF4,전주성덕우편취급국,connected by <=5m coordinate links; not a deduplication or verified building
CL5-0605,35.8383846,127.1316827,1,1,신협,JB-E714FC68AF2F,인후신용협동조합 지점,connected by <=5m coordinate links; not a deduplication or verified building
CL5-0606,35.9607219,126.9882827,1,1,새마을금고,JB-E749707FF082,신익산 (삼성) 새마을금고,connected by <=5m coordinate links; not a deduplication or verified building
CL5-0607,35.8178236,127.1359569,1,1,우체국,JB-E764CD09909A,전주기전대학우편취급국,connected by <=5m coordinate links; not a deduplication or verified building
CL5-0608,35.826082,127.165308,1,1,우체국,JB-E770C41A53EC,전주인후3동우체국,connected by <=5m coordinate links; not a deduplication or verified building
CL5-0609,35.9611958,126.980735,1,1,새마을금고,JB-E7C8600E89E4,이리평화 (영등) 새마을금고,connected by <=5m coordinate links; not a deduplication or verified building
CL5-0610,35.5658301,126.8555236,1,1,신협,JB-E7FF2BD476F1,정읍애신용협동조합 지점,connected by <=5m coordinate links; not a deduplication or verified building
CL5-0611,35.7256985,126.7370455,1,1,은행,JB-E8206CD42849,KB국민은행 부안(점),connected by <=5m coordinate links; not a deduplication or verified building
CL5-0612,35.5678896,126.851169,1,1,은행,JB-E8C1DEB6A39C,전북은행 정읍,connected by <=5m coordinate links; not a deduplication or verified building
CL5-0613,35.8277249,127.1699191,1,1,새마을금고,JB-E90A565876E2,동부 (문화로) 새마을금고,connected by <=5m coordinate links; not a deduplication or verified building
CL5-0614,35.8013936,127.09427,1,1,새마을금고,JB-E92E3D58D8BB,신전주 (대한고속) 새마을금고,connected by <=5m coordinate links; not a deduplication or verified building
CL5-0615,35.7317043,126.7330732,1,1,은행,JB-E9BDA2A9B27D,NH농협은행 부안군청,connected by <=5m coordinate links; not a deduplication or verified building
CL5-0616,35.8030423,126.8909982,1,1,은행,JB-E9DA67823BBE,NH농협은행 김제시지부,connected by <=5m coordinate links; not a deduplication or verified building
CL5-0617,35.8188759,127.1159598,1,1,은행,JB-EA28EB112425,NH농협은행 중화산동지점,connected by <=5m coordinate links; not a deduplication or verified building
CL5-0618,35.8311494,127.1231507,1,1,신협,JB-EA658E5AFA93,서신신용협동조합 지점,connected by <=5m coordinate links; not a deduplication or verified building
CL5-0619,35.7336583,127.3699668,1,1,새마을금고,JB-EA7DD26419ED,진안 (마령) 새마을금고,connected by <=5m coordinate links; not a deduplication or verified building
CL5-0620,35.8057462,127.1140896,1,1,은행,JB-EA986B73CD02,하나은행 효자동,connected by <=5m coordinate links; not a deduplication or verified building
CL5-0621,35.7820934,126.8721907,1,1,우체국,JB-EB308D754C3A,김제월촌동우체국,connected by <=5m coordinate links; not a deduplication or verified building
CL5-0622,35.8130218,127.1462699,1,1,새마을금고,JB-EB35C9C948D1,남부 (본점) 새마을금고,connected by <=5m coordinate links; not a deduplication or verified building
CL5-0623,35.6520239,126.9404189,1,1,우체국,JB-EB6A1EBDADBC,정읍태인우체국,connected by <=5m coordinate links; not a deduplication or verified building
CL5-0624,35.8389786,127.1383593,1,1,신협,JB-EC32663F8758,전주중앙신용협동조합 지점,connected by <=5m coordinate links; not a deduplication or verified building
CL5-0625,35.7181984,126.8097122,1,1,우체국,JB-EC66479F50B8,부안백산우체국,connected by <=5m coordinate links; not a deduplication or verified building
CL5-0626,35.9899907,126.7847751,1,1,새마을금고,JB-ECE42C5F0E1D,금강 (성산) 새마을금고,connected by <=5m coordinate links; not a deduplication or verified building
CL5-0627,35.803514,127.1035639,1,1,신협,JB-ED46408DE346,전주성가신용협동조합 지점,connected by <=5m coordinate links; not a deduplication or verified building
CL5-0628,35.6205806,126.7724819,1,1,우체국,JB-ED9F0D0C8EB8,정읍고부우체국,connected by <=5m coordinate links; not a deduplication or verified building
CL5-0629,35.6211352,126.8432371,1,1,우체국,JB-EE5D0A296DBD,정읍덕천우체국,connected by <=5m coordinate links; not a deduplication or verified building
CL5-0630,35.8539351,126.8201902,1,1,우체국,JB-EEBE0AC34B32,김제만경우체국,connected by <=5m coordinate links; not a deduplication or verified building
CL5-0631,35.9636413,126.7151288,1,1,은행,JB-EF74FC57DB19,신한은행 군산,connected by <=5m coordinate links; not a deduplication or verified building
CL5-0632,35.8319453,127.1187954,1,1,신협,JB-F0127103B5A0,전주중앙신용협동조합 지점,connected by <=5m coordinate links; not a deduplication or verified building
CL5-0633,35.5706175,126.8474702,1,1,은행,JB-F0DD5BFAB485,NH농협은행 정읍시지부,connected by <=5m coordinate links; not a deduplication or verified building
CL5-0634,35.7984252,126.8953357,1,1,우체국,JB-F1296F7DA64A,김제신풍동우체국,connected by <=5m coordinate links; not a deduplication or verified building
CL5-0635,35.9519198,126.98204,1,1,우체국,JB-F1683D9D2CD9,익산터질목우편취급국,connected by <=5m coordinate links; not a deduplication or verified building
CL5-0636,35.8372395,127.1321203,1,1,은행,JB-F19FE41714D3,Sh수협은행 전북지역금융본부,connected by <=5m coordinate links; not a deduplication or verified building
CL5-0637,35.9476533,126.975264,1,1,은행,JB-F2A67A06D052,전북은행 익산공단,connected by <=5m coordinate links; not a deduplication or verified building
CL5-0638,35.8378346,127.1047828,1,1,신협,JB-F321FD29A895,전주개인택시신용협동조합 본점,connected by <=5m coordinate links; not a deduplication or verified building
CL5-0639,35.6552958,127.2234592,1,1,우체국,JB-F3968E4252FF,임실신평우체국,connected by <=5m coordinate links; not a deduplication or verified building
CL5-0640,35.9826744,126.7171279,1,1,신협,JB-F3E62925877A,군산대건신용협동조합 본점,connected by <=5m coordinate links; not a deduplication or verified building
CL5-0641,35.8928442,126.9122404,1,1,우체국,JB-F5EE57D7AFF4,김제공덕우편취급국,connected by <=5m coordinate links; not a deduplication or verified building
CL5-0642,35.864921,127.1282616,1,1,신협,JB-F5F092E5EA20,전평신용협동조합 본점,connected by <=5m coordinate links; not a deduplication or verified building
CL5-0643,35.8182933,127.1064652,1,1,은행,JB-F694FEDD3822,전북은행 상공회의소,connected by <=5m coordinate links; not a deduplication or verified building
CL5-0644,35.8393511,127.0623599,1,1,우체국,JB-F6A094DCABFE,전주장동우체국,connected by <=5m coordinate links; not a deduplication or verified building
CL5-0645,35.8181076,127.1235648,1,1,우체국,JB-F6C44BB77238,전주중화산동우체국,connected by <=5m coordinate links; not a deduplication or verified building
CL5-0646,35.9638915,126.7326875,1,1,신협,JB-F6D4F57B5BD2,군산타타신용협동조합 지점,connected by <=5m coordinate links; not a deduplication or verified building
CL5-0647,35.9642863,126.723869,1,1,새마을금고,JB-F706AB3E15D6,금강 (미장) 새마을금고,connected by <=5m coordinate links; not a deduplication or verified building
CL5-0648,35.8314196,127.0568195,1,1,은행,JB-F755329E1DC3,NH농협은행 농촌진흥청,connected by <=5m coordinate links; not a deduplication or verified building
CL5-0649,35.3888805,127.4445746,1,1,우체국,JB-F8D0CB1D180A,남원주천우편취급국,connected by <=5m coordinate links; not a deduplication or verified building
CL5-0650,35.3377008,127.1396658,1,1,우체국,JB-FA4B968A7783,순창풍산우체국,connected by <=5m coordinate links; not a deduplication or verified building
CL5-0651,35.9647119,126.9541412,1,1,신협,JB-FAB58CCF3FA5,원광중앙신용협동조합 본점,connected by <=5m coordinate links; not a deduplication or verified building
CL5-0652,35.9364866,127.2967462,1,1,우체국,JB-FC4C8210528E,완주동상우체국,connected by <=5m coordinate links; not a deduplication or verified building
CL5-0653,35.8534841,127.1062769,1,1,우체국,JB-FCB0ACCA42E3,전주팔복동우체국,connected by <=5m coordinate links; not a deduplication or verified building
CL5-0654,35.8534613,127.104731,1,1,신협,JB-FDF4A2457EDA,전주덕진신용협동조합 지점,connected by <=5m coordinate links; not a deduplication or verified building
CL5-0655,35.8728712,127.1275366,1,1,은행,JB-FE24170625D7,전북은행 에코시티,connected by <=5m coordinate links; not a deduplication or verified building
CL5-0656,35.8287521,127.1641554,1,1,신협,JB-FF44C93A5F87,양우신용협동조합 지점,connected by <=5m coordinate links; not a deduplication or verified building
CL5-0657,35.8421353,127.0791142,1,1,신협,JB-FF64B6BE6E7A,전주대건신용협동조합 지점,connected by <=5m coordinate links; not a deduplication or verified building
CL5-0658,35.8367216,127.1534997,1,1,새마을금고,JB-FFD12DF9FC48,늘푸른 (안골) 새마을금고,connected by <=5m coordinate links; not a deduplication or verified building
