구분,조합명,점포구분,주소
지역,고창신용협동조합,본점,(56438) 전북특별자치도 고창군 고창읍동리로 46 고창신협
지역,고창신용협동조합,지점,(56402) 전북특별자치도 고창군 해리면해리중앙로 93-1
지역,군산대건신용협동조합,본점,(54028) 전북특별자치도 군산시 중앙로 101-1(중앙로2가)
지역,군산대건신용협동조합,지점,(54132) 전북특별자치도 군산시 대학로 267(나운동) 군산대건신협 나운지점(나운동)
지역,군산대건신용협동조합,지점,(54042) 전북특별자치도 군산시 정자로 64(내흥동)
지역,군산반석신용협동조합,본점,(54140) 전북특별자치도 군산시 백토로 192(나운동) 군산반석신협
지역,군산반석신용협동조합,지점,(54025) 전북특별자치도 군산시 월명로 466(명산동) 군산반석신협
지역,군산월명신용협동조합,본점,(54089) 전북특별자치도 군산시 축동안3길 34-1(수송동)
지역,군산월명신용협동조합,지점,(54022) 전북특별자치도 군산시 월명로 482(월명동)
지역,군산월명신용협동조합,지점,(54106) 전북특별자치도 군산시 계산로 55(지곡동) 메가플레이스3 상가
지역,군산제일신용협동조합,본점,(54139) 전북특별자치도 군산시 하나운로 71(나운동)
지역,군산제일신용협동조합,지점,(54011) 전북특별자치도 군산시 공항로 57(소룡동)
지역,군산제일신용협동조합,지점,"(54033) 전북특별자치도 군산시 조촌로 131(조촌동) 105호(조촌동, 한사랑빌딩)"
지역,군산중앙신용협동조합,본점,(54142) 전북특별자치도 군산시 한밭2길 1(나운동) 군산중앙신협(본점)
지역,군산중앙신용협동조합,지점,(54101) 전북특별자치도 군산시 수송로 174(수송동) 군산중앙신협(수송지점)
지역,군산타타신용협동조합,본점,(54006) 전북특별자치도 군산시 동장산로 172(소룡동) 지하1층
지역,군산타타신용협동조합,지점,(54096) 전북특별자치도 군산시 수송로 336(미장동) 1층 군산타타신협 미장지점
지역,군산팔마신용협동조합,본점,(54037) 전북특별자치도 군산시 경암로 16(경장동) 군산팔마신협
지역,군산팔마신용협동조합,지점,(54072) 전북특별자치도 군산시 궁포1로 24-3(조촌동) 세종빌딩 1층 110호
지역,군산해성신용협동조합,본점,(54116) 전북특별자치도 군산시 미원로 7(오룡동) 군산해성신협
지역,군산해성신용협동조합,지점,(54082) 전북특별자치도 군산시 문화로 127(수송동) 102호 군산해성신협
지역,금마신용협동조합,본점,(54572) 전북특별자치도 익산시 금마면고도길 55-1
지역,김제신용협동조합,본점,(54397) 전북특별자치도 김제시 도작로 59(신풍동)
지역,김제신용협동조합,지점,(54408) 전북특별자치도 김제시 서낭당길 124(요촌동)
지역,노송신용협동조합,본점,(55019) 전북특별자치도 전주시 덕진구 무삼지로 85(인후동1가) 노송신협
지역,노송신용협동조합,지점,(55021) 전북특별자치도 전주시 덕진구 석소로 31(인후동1가) 108동 101호-1
지역,대산신용협동조합,본점,(585864) 전북특별자치도 고창군 대산면신방길 1 대산신협
지역,동계신용협동조합,본점,(595822) 전북특별자치도 순창군 동계면동계로 24 (현포리 560-2)
지역,무궁화신용협동조합,본점,(55615) 전북특별자치도 장수군 장계면장무로 236 장무로 236
지역,무장신용협동조합,본점,(56455) 전북특별자치도 고창군 무장면무장읍성길 11
지역,무주반딧불신용협동조합,본점,(55517) 전북특별자치도 무주군 무주읍향학로 33 무주반딧불신협
지역,무주안성신용협동조합,본점,(55535) 전북특별자치도 무주군 안성면안성로 275 무주안성신협
지역,봉상신용협동조합,본점,(55326) 전북특별자치도 완주군 봉동읍봉동로 140
지역,부안신용협동조합,본점,(56313) 전북특별자치도 부안군 부안읍석정로 242 부안신협
지역,삼광신용협동조합,본점,(56460) 전북특별자치도 고창군 공음면공음길 40 삼광신협
지역,삼례신용협동조합,본점,(55342) 전북특별자치도 완주군 삼례읍삼례로 356
지역,삼례신용협동조합,지점,(55334) 전북특별자치도 완주군 삼례읍삼봉1로 2 삼례신협 삼봉지점
지역,서신신용협동조합,본점,(54950) 전북특별자치도 전주시 완산구 서신로 24(서신동) 서신신용협동조합
지역,서신신용협동조합,지점,(54940) 전북특별자치도 전주시 완산구 백제대로 424(서신동) 1층
지역,설천신용협동조합,본점,(55549) 전북특별자치도 무주군 설천면무설로 1583 설천신용협동조합
지역,송천신용협동조합,본점,(54829) 전북특별자치도 전주시 덕진구 붓내3길 38(송천동2가) 송천신협
지역,순창신용협동조합,본점,(56045) 전북특별자치도 순창군 순창읍순창로 194
지역,양우신용협동조합,본점,(54916) 전북특별자치도 전주시 덕진구 견훤로 383(인후동2가)
지역,양우신용협동조합,지점,(55020) 전북특별자치도 전주시 덕진구 무삼지로 33(인후동1가)
지역,여산일심신용협동조합,본점,(54520) 전북특별자치도 익산시 여산면영전길 2-1
지역,옥서신용협동조합,본점,(54168) 전북특별자치도 군산시 옥서면옥구저수지로 238
지역,온고을신용협동조합,본점,(54999) 전북특별자치도 전주시 완산구 팔달로 203(고사동)
지역,온누리신용협동조합,본점,(55740) 전북특별자치도 남원시 붕맛길 105(향교동)
지역,온누리신용협동조합,지점,(55768) 전북특별자치도 남원시 의총로 45(금동)
지역,온누리신용협동조합,지점,(55757) 전북특별자치도 남원시 큰들길 37(도통동)
지역,온누리신용협동조합,지점,(55715) 전북특별자치도 남원시 인월면인월로 71
지역,완주신용협동조합,본점,(55311) 전북특별자치도 완주군 고산면남봉로 139
지역,용안신용협동조합,본점,(54507) 전북특별자치도 익산시 용안면현내1로 104
지역,용안신용협동조합,지점,(54514) 전북특별자치도 익산시 망성면나바위길 46
지역,용진신용협동조합,본점,(55351) 전북특별자치도 완주군 용진읍상운길 9
지역,우리신용협동조합,본점,(54624) 전북특별자치도 익산시 고봉로 179(영등동)
지역,우리신용협동조합,지점,(54656) 전북특별자치도 익산시 선화로 137(모현동1가)
지역,원광중앙신용협동조합,본점,(54645) 전북특별자치도 익산시 무왕로 858-2(신동) 원광중앙신협 본점
지역,원광중앙신용협동조합,지점,(54561) 전북특별자치도 익산시 부송1로 70(부송동) 원광중앙신협 부송지점
지역,이리신용협동조합,본점,(54595) 전북특별자치도 익산시 인북로 138(창인동1가) 이리신용협동조합(본점)
지역,이리신용협동조합,지점,(54619) 전북특별자치도 익산시 인북로 255-20(남중동) 이리신용협동조합(남중동지점)
지역,이리신용협동조합,지점,(54639) 전북특별자치도 익산시 무왕로20길 14(어양동) 이리신용협동조합(어양동지점)
지역,이리주현신용협동조합,본점,(54609) 전북특별자치도 익산시 서동로 64(동산동)
지역,익산믿음신용협동조합,본점,(54533) 전북특별자치도 익산시 황등면황등로 77
지역,익산신용협동조합,본점,(54511) 전북특별자치도 익산시 함열읍함열중앙로 46
지역,인후신용협동조합,본점,(54920) 전북특별자치도 전주시 덕진구 견훤로 297(인후동1가)
지역,인후신용협동조합,지점,(54891) 전북특별자치도 전주시 덕진구 가련산로 13(덕진동2가) 청목빌딩1층 하가지점
지역,인후신용협동조합,지점,(54864) 전북특별자치도 전주시 덕진구 안전로 199(장동) 나눔빌딩 1층 혁신지점
지역,인후신용협동조합,지점,(55151) 전북특별자치도 전주시 덕진구 동부대로 1014(송천동2가) 1층 동부대로지점
지역,인후신용협동조합,지점,(54931) 전북특별자치도 전주시 덕진구 기린대로 408(금암동) 1층
지역,장수신용협동조합,본점,(55632) 전북특별자치도 장수군 장수읍장천로 179 장수신협
지역,전주가나안신용협동조합,본점,"(55146) 전북특별자치도 전주시 덕진구 세병로 174-21(송천동2가) 105호,(송천동2가)"
지역,전주가나안신용협동조합,지점,(54905) 전북특별자치도 전주시 덕진구 호성1길 39(호성동1가) (호성동1가)
지역,전주대건신용협동조합,본점,(55043) 전북특별자치도 전주시 완산구 팔달로 129(전동)
지역,전주대건신용협동조합,지점,(55056) 전북특별자치도 전주시 완산구 용머리로 57(효자동1가) 클리닉센터 1층
지역,전주대건신용협동조합,지점,(55123) 전북특별자치도 전주시 완산구 평화로 135(평화동2가)
지역,전주대건신용협동조합,지점,(54859) 전북특별자치도 전주시 덕진구 만성동로 72(만성동) 1층
지역,전주덕진신용협동조합,본점,(55149) 전북특별자치도 전주시 덕진구 세병로 14(송천동2가) 101호
지역,전주덕진신용협동조합,지점,(54883) 전북특별자치도 전주시 덕진구 기린대로 703(팔복동2가) (팔복동2가)
지역,전주덕진신용협동조합,지점,(54898) 전북특별자치도 전주시 덕진구 명륜4길 15(덕진동1가) 덕진지점
지역,전주동부신용협동조합,본점,"(54969) 전북특별자치도 전주시 완산구 홍산북로 83(효자동3가,코오롱스카이타워) 코오롱스카이타워106호"
지역,전주동부신용협동조합,지점,(54956) 전북특별자치도 전주시 완산구 천잠로 570(효자동3가) 1층
지역,전주동부신용협동조합,지점,(54974) 전북특별자치도 전주시 완산구 화산천변로 26(중화산동2가)
지역,전주동부신용협동조합,지점,"(55152) 전북특별자치도 전주시 완산구 홍산로 2(삼천동2가) 102호,103호,104호"
지역,전주삼천신용협동조합,본점,(55086) 전북특별자치도 전주시 완산구 용리로 8(삼천동1가)
지역,전주삼천신용협동조합,지점,(55083) 전북특별자치도 전주시 완산구 용리로 143(삼천동1가)
지역,전주상진신용협동조합,본점,(54996) 전북특별자치도 전주시 완산구 대동로 67(태평동)
지역,전주상진신용협동조합,지점,(54938) 전북특별자치도 전주시 덕진구 숲정이로 55(진북동)
지역,전주상진신용협동조합,지점,(54977) 전북특별자치도 전주시 완산구 산월2길 44(중화산동2가)
지역,전주성가신용협동조합,본점,(55122) 전북특별자치도 전주시 완산구 모악로 4774(평화동1가) 전주성가신협
지역,전주성가신용협동조합,지점,(55102) 전북특별자치도 전주시 완산구 공수내로 9(서서학동) 성가신협 서학지점
지역,전주성가신용협동조합,지점,(55065) 전북특별자치도 전주시 완산구 쑥고개로 351(효자동2가) 전주성가신협 효자지점
지역,전주성가신용협동조합,지점,(55123) 전북특별자치도 전주시 완산구 소대배기로 5(평화동2가)
지역,전주중산신용협동조합,본점,(54991) 전북특별자치도 전주시 완산구 공북로 47(태평동) 전주중산신협 태평본점
지역,전주중산신용협동조합,지점,(55079) 전북특별자치도 전주시 완산구 효천중앙로 17(효자동2가)
지역,전주중산신용협동조합,지점,(55049) 전북특별자치도 전주시 완산구 서원로 298(중화산동2가)
지역,전주중앙신용협동조합,본점,(54996) 전북특별자치도 전주시 완산구 팔달로 269(서노송동)
지역,전주중앙신용협동조합,지점,(54922) 전북특별자치도 전주시 덕진구 조경단로 54(금암동)
지역,전주중앙신용협동조합,지점,(54950) 전북특별자치도 전주시 완산구 당산로 96(서신동) 1층
지역,전주파티마신용협동조합,본점,(54969) 전북특별자치도 전주시 완산구 홍산로 250(효자동3가) 효자동 3가)
지역,전주파티마신용협동조합,지점,(55080) 전북특별자치도 전주시 완산구 용머리로 32(효자동1가) 203호
지역,전주파티마신용협동조합,지점,(55093) 전북특별자치도 전주시 완산구 용머리로 154(효자동1가)
지역,전주파티마신용협동조합,지점,(54871) 전북특별자치도 전주시 덕진구 오공로 43(중동)
지역,전주행복신용협동조합,본점,(54847) 전북특별자치도 전주시 덕진구 쪽구름2길 4(여의동2가) 전주행복신협
지역,전주혁신신용협동조합,본점,(54858) 전북특별자치도 전주시 덕진구 만성북로 71(만성동) 혁신동
지역,전주혁신신용협동조합,지점,"(55018) 전북특별자치도 전주시 덕진구 건산로 254-1(인후동1가) 1층, (인후동1가 846-7)"
지역,전주혁신신용협동조합,지점,(54928) 전북특별자치도 전주시 덕진구 안덕원로 143(진북동) 진북동
지역,전주호성신용협동조합,본점,(54905) 전북특별자치도 전주시 덕진구 견훤로 499(우아동3가)
지역,전평신용협동조합,본점,(54822) 전북특별자치도 전주시 덕진구 천마산로 65(송천동2가) 1층 103호
지역,정읍애신용협동조합,본점,(56106) 전북특별자치도 정읍시 신태인읍정신로 1143-1 정읍애신협
지역,정읍애신용협동조합,지점,(56165) 전북특별자치도 정읍시 초산로 80(수성동) 정읍애신협 중앙지점
지역,함열신용협동조합,본점,(54511) 전북특별자치도 익산시 함열읍함열로 58 함열신협
지역,함열신용협동조합,지점,(54637) 전북특별자치도 익산시 무왕로 1060(영등동) 함열신협 영등지점
지역,호남제일신용협동조합,본점,(55356) 전북특별자치도 완주군 소양면소양로 235 소양신용협동조합
지역,호남제일신용협동조합,지점,(55365) 전북특별자치도 완주군 이서면기지로 43 호남제일신협 혁신도시지점
지역,황등신용협동조합,본점,(54533) 전북특별자치도 익산시 황등면황등로 171
지역,황등신용협동조합,지점,(54643) 전북특별자치도 익산시 약촌로 241(영등동)
단체,원광신용협동조합,본점,(55000) 전북특별자치도 전주시 완산구 팔달로 192-4(경원동3가) (1층)
단체,원광신용협동조합,지점,(54935) 전북특별자치도 전주시 덕진구 팔달로 340(진북동)
단체,전북서부항운노조신용협동조합,본점,(573030) 전북특별자치도 군산시 해망로 251(장미동) (장미동)
단체,전북치과의사신용협동조합,본점,(55069) 전북특별자치도 전주시 완산구 천잠로 247(효자동2가) 전북치과의사신협 사옥 1층
단체,전주개인택시신용협동조합,본점,(54884) 전북특별자치도 전주시 완산구 온고을로 170-15(효자동3가) 전주개인택시신협
직장,셰플러코리아신용협동조합,본점,(54854) 전북특별자치도 전주시 덕진구 팔과정로 17(팔복동3가) 셰플러코리아 신협
직장,예수병원신용협동조합,본점,(54987) 전북특별자치도 전주시 완산구 서원로 365(중화산동1가) 예수병원신협
직장,전북고속신용협동조합,본점,(54933) 전북특별자치도 전주시 덕진구 가리내로 30(금암동) 2층 전북고속신협
직장,전주대학교신용협동조합,본점,(55069) 전북특별자치도 전주시 완산구 천잠로 303(효자동2가) 학생회관 1층 전주대학교신협
직장,전주페이퍼신용협동조합,본점,(54885) 전북특별자치도 전주시 덕진구 팔복로 59(팔복동2가) 전주페이퍼신협
직장,진안군청신용협동조합,본점,(55434) 전북특별자치도 진안군 진안읍중앙로 67 진안군청 별관1층
