은행,지점,주소,전화번호
KB국민은행,군산,전북특별자치도 군산시 평화길 70,1588-9999
KB국민은행,김제,전북특별자치도 김제시 중앙로 110,1588-9999
KB국민은행,남원,전북특별자치도 남원시 광한서로 64,1588-9999
KB국민은행,부안(점),전북특별자치도 부안군 석정로 224,1588-9999
KB국민은행,서신동,전북특별자치도 전주시 서신로 57,1588-9999
KB국민은행,서전주,전북특별자치도 전주시 홍산로 246,1588-9999
KB국민은행,송천동,전북특별자치도 전주시 과학로 16,1588-9999
KB국민은행,수송동,전북특별자치도 군산시 수송로 188,1588-9999
KB국민은행,영등동,전북특별자치도 익산시 무왕로 1052,1588-9999
KB국민은행,익산,전북특별자치도 익산시 중앙로 29,1588-9999
KB국민은행,인후동,전북특별자치도 전주시 안덕원로 252,1588-9999
KB국민은행,전북혁신도시(점),전북특별자치도 완주군 기지로 35,1588-9999
KB국민은행,전주,전북특별자치도 전주시 팔달로 215,1588-9999
KB국민은행,정읍,전북특별자치도 정읍시 중앙로 124,1588-9999
NH농협은행,고창군지부,전북특별자치도 고창군 중앙로 232 3층,063-564-2142
NH농협은행,고창군청,전북특별자치도 고창군 중앙로 245,063-564-6548
NH농협은행,군산시지부,전북특별자치도 군산시 조촌로 91,063-452-3723
NH농협은행,군산시청,전북특별자치도 군산시 시청로 17,063-442-9818
NH농협은행,군산중앙로지점,전북특별자치도 군산시 중앙로 169,063-446-3064
NH농협은행,김제시지부,전북특별자치도 김제시 중앙로 139,063-547-3042
NH농협은행,김제시청,전북특별자치도 김제시 중앙로 40,063-547-0582
NH농협은행,나운센터지점,전북특별자치도 군산시 대학로 342,063-469-7730
NH농협은행,남원시지부,전북특별자치도 남원시 광한북로 63,063-633-2012
NH농협은행,남원시청,전북특별자치도 남원시 시청로 60,063-632-5105
NH농협은행,남원지원,전북특별자치도 남원시 용성로 59,063-634-7289
NH농협은행,농촌진흥청,전북특별자치도 전주시 농생명로 300,063-236-2016
NH농협은행,무주군지부,전북특별자치도 무주군 주계로 106,063-320-3100
NH농협은행,무주군청,전북특별자치도 무주군 주계로 97,063-324-1573
NH농협은행,부안군지부,전북특별자치도 부안군 석정로 255,063-584-2137
NH농협은행,부안군청,전북특별자치도 부안군 당산로 91,063-581-0226
NH농협은행,삼천동지점,전북특별자치도 전주시 용리로 56 누가빌딩 102호,063-225-2257
NH농협은행,서신동지점,전북특별자치도 전주시 온고을로 1 한국교직원공제회관 1층,063-278-4322
NH농협은행,수송동지점,전북특별자치도 군산시 문화로 86 (1층),063-461-8802
NH농협은행,순창군지부,전북특별자치도 순창군 순창로 214,063-652-0724
NH농협은행,순창군청,전북특별자치도 순창군 경천로 33 순창군청 1층,063-653-0774
NH농협은행,아중지점,전북특별자치도 전주시 건산로 240,063-242-1154
NH농협은행,어양센트럴지점,전북특별자치도 익산시 하나로 337 1층,063-837-9963
NH농협은행,완주군지부,전북특별자치도 완주군 운곡2로 3,063-247-8471
NH농협은행,완주군청,전북특별자치도 완주군 지암로 61,063-247-5062
NH농협은행,익산시지부,전북특별자치도 익산시 무왕로 1063,063-830-5678
NH농협은행,익산시청,전북특별자치도 익산시 인북로32길 1 지하1층,063-851-1257
NH농협은행,익산중앙지점,전북특별자치도 익산시 인북로3길 24,063-840-7114
NH농협은행,인후동지점,전북특별자치도 전주시 백제대로 751,063-241-2135
NH농협은행,임실군지부,전북특별자치도 임실군 봉황로 135,063-642-2143
NH농협은행,임실군청,전북특별자치도 임실군 수정로 30,063-642-8215
NH농협은행,장수군지부,전북특별자치도 장수군 호비로 9,063-351-2842
NH농협은행,장수군청,전북특별자치도 장수군 호비로 10,063-351-5090
NH농협은행,전북영업부,전북특별자치도 전주시 우전로 290,063-237-5091
NH농협은행,전북특별자치도교육청,전북특별자치도 전주시 홍산로 111,063-251-0421
NH농협은행,전북특별자치도청,전북특별자치도 전주시 효자로 225,063-237-4100
NH농협은행,전북혁신도시지점,전북특별자치도 전주시 안전로 163,063-213-2042
NH농협은행,전주법원,전북특별자치도 전주시 가인로 33,063-214-7625
NH농협은행,전주송천센트럴지점,전북특별자치도 전주시 송천로 1,063-251-1291
NH농협은행,전주시지부,전북특별자치도 전주시 팔달로 277,063-252-5161
NH농협은행,전주시청,전북특별자치도 전주시 노송광장로 10 지하1층,063-231-0522
NH농협은행,전주에코시티지점,전북특별자치도 전주시 세병로 30 1층,063-279-1946
NH농협은행,전주한옥마을지점,전북특별자치도 전주시 충경로 102,063-285-1104
NH농협은행,정읍시지부,전북특별자치도 정읍시 중앙로 62,063-535-2601
NH농협은행,정읍시청,전북특별자치도 정읍시 충정로 234,063-531-7192
NH농협은행,정읍지원,전북특별자치도 정읍시 수성6로 29,063-534-7977
NH농협은행,중화산동지점,전북특별자치도 전주시 효자로 280,063-225-4787
NH농협은행,진안군지부,전북특별자치도 진안군 중앙로 70,063-433-0392
NH농협은행,진안군청,전북특별자치도 진안군 중앙로 67,063-433-1051
NH농협은행,함열,전북특별자치도 익산시 함열중앙로 21,063-861-6132
NH농협은행,효자동지점,전북특별자치도 전주시 백제대로 141,063-226-4142
수출입은행,전주,전북특별자치도 전주시 온고을로 1,063-271-6134
전북은행,경원동,전북특별자치도 전주시 팔달로 208,063-288-4011
전북은행,고창,전북특별자치도 고창군 중앙로 202,063-564-2555
전북은행,군산,전북특별자치도 군산시 동령길 30,063-445-7141
전북은행,군산대,전북특별자치도 군산시 대학로 558,063-464-1600
전북은행,군산시청,전북특별자치도 군산시 시청로 17 군산시청 1층,063-451-9970
전북은행,금암,전북특별자치도 전주시 가리내로 5,063-254-1936
전북은행,김제,전북특별자치도 김제시 화동길 33,063-547-3171
전북은행,남원,전북특별자치도 남원시 시청로 50,063-632-2881
전북은행,따뜻한금융클리닉전주센터,전북특별자치도 전주시 팔달로 216,063-288-9533
전북은행,모래내,전북특별자치도 전주시 안덕원로 169,063-252-9481
전북은행,모현동,전북특별자치도 익산시 배산로16길 36,063-841-8280
전북은행,무주,전북특별자치도 무주군 주계로7길 10,063-324-5210
전북은행,부안,전북특별자치도 부안군 석정로 200,063-583-5121
전북은행,삼천동,전북특별자치도 전주시 용리로 140,063-224-8211
전북은행,상공회의소,전북특별자치도 전주시 홍산로 276,063-237-0852
전북은행,서곡,전북특별자치도 전주시 세내로 556,063-273-6211
전북은행,서나운,전북특별자치도 군산시 하나운로 72,063-465-8151
전북은행,서신동,전북특별자치도 전주시 서신로 62,063-272-1252
전북은행,서진로,전북특별자치도 전주시 유연로 294,063-229-1975
전북은행,소룡동,전북특별자치도 군산시 공단대로 593,063-463-0014
전북은행,솔내,전북특별자치도 전주시 송천중앙로 181,063-251-0254
전북은행,송천동,전북특별자치도 전주시 송천로 27,063-276-9172
전북은행,수송동,전북특별자치도 군산시 월명로 205,063-464-5981
전북은행,순창,전북특별자치도 순창군 순창로 218,063-653-9911
전북은행,아중,전북특별자치도 전주시 석소로 34,063-245-0066
전북은행,안골,전북특별자치도 전주시 안덕원로 265,063-245-6712
전북은행,안행교,전북특별자치도 전주시 용머리로 62,063-223-7211
전북은행,에코시티,전북특별자치도 전주시 세병남로 35,063-274-7090
전북은행,여의동,전북특별자치도 전주시 쪽구름로 54-1,063-212-6363
전북은행,영등동,전북특별자치도 익산시 무왕로13길 12 주차빌딩,063-834-0091
전북은행,영업부,전북특별자치도 전주시 백제대로 566 전북은행빌딩,063-250-7114
전북은행,완주군청,전북특별자치도 완주군 지암로 61,063-247-7310
전북은행,완주산단,전북특별자치도 완주군 과학로 1033 덕연빌딩 2층,063-263-8114
전북은행,우석대,전북특별자치도 완주군 삼례로 443,063-291-4142
전북은행,원광,전북특별자치도 익산시 무왕로 893,063-857-1586
전북은행,원광대,전북특별자치도 익산시 익산대로 460,063-858-7338
전북은행,익산,전북특별자치도 익산시 중앙로5길 10,063-855-9891
전북은행,익산공단,전북특별자치도 익산시 약촌로 156 수출자유지역 B-1,063-833-9116
전북은행,익산시청,전북특별자치도 익산시 인북로32길1 지하1층,063-841-0081
전북은행,인화동,전북특별자치도 익산시 인북로 28-6,063-851-0811
전북은행,장승로,전북특별자치도 전주시 장승배기로 294,063-287-6211
전북은행,전북대,전북특별자치도 전주시 백제대로 567,063-252-9824
전북은행,전북대병원,전북특별자치도 전주시 건지로 20,063-271-0842
전북은행,전북특별자치도청,전북특별자치도 전주시 효자로 225,063-228-2335
전북은행,전주공단,전북특별자치도 전주시 팔과정로 164,063-214-4433
전북은행,전주법원,전북특별자치도 전주시 가인로 33,063-275-7447
전북은행,전주시청,전북특별자치도 전주시 노송광장로 10,063-285-3583
전북은행,전주첫마중길,전북특별자치도 전주시 백제대로 823,063-241-3533
전북은행,전주한옥마을,전북특별자치도 전주시 풍남문2길 5,063-288-0171
전북은행,정읍,전북특별자치도 정읍시 새암길 1,063-535-4573
전북은행,정읍시청,전북특별자치도 정읍시 충정로 234,063-533-2681
전북은행,조촌디오션,전북특별자치도 군산시 궁포3로 5,063-442-9961
전북은행,중산,전북특별자치도 전주시 백제대로 260,063-227-8900
전북은행,진북동,전북특별자치도 전주시 진북로 10,063-253-4813
전북은행,진안,전북특별자치도 진안군 진무로 1098,063-433-5955
전북은행,테크노파크,전북특별자치도 전주시 반룡로 110-5,063-211-4060
전북은행,팔복동,전북특별자치도 전주시 기린대로 688,063-211-0216
전북은행,평화동,전북특별자치도 전주시 평화로 115,063-229-9040
전북은행,하가,전북특별자치도 전주시 가련산로 17,063-251-7447
전북은행,혁신도시,전북특별자치도 전주시 기지로 66 스카이락빌딩 1층,063-237-2740
전북은행,호성동,전북특별자치도 전주시 호성1길 37,063-243-9552
전북은행,호암로,전북특별자치도 전주시 후곡길 4,063-227-9612
전북은행,화산,전북특별자치도 전주시 서원로 222,063-221-8211
전북은행,효자동,전북특별자치도 전주시 용머리로 166,063-223-7001
하나은행,군산,전북특별자치도 군산시 월명로 260,063-446-8111
하나은행,나운동,전북특별자치도 군산시 하나운로 32,063-442-1111
하나은행,서신동,전북특별자치도 전주시 완산구 유연로 287,063-252-1111
하나은행,익산,전북특별자치도 익산시 무왕로 1073,063-836-1111
하나은행,익산공단,전북특별자치도 익산시 선화로 418,063-834-2334
하나은행,전주공단,전북특별자치도 완주군 완주산단5로 83,063-261-8000
하나은행,전주금융센터,전북특별자치도 전주시 완산구 충경로 63,063-288-1111
하나은행,효자동,전북특별자치도 전주시 완산구 용머리로 34,063-225-1111
한국산업은행,군산,전북특별자치도 군산시 월명로 206,063-440-3600
한국산업은행,전주,전북특별자치도 전주시 전라감영5길 18,063-230-6600
IBK기업은행,군산,전라북도 군산시 중앙로 191,063-443-0413~6
IBK기업은행,군산수송,전라북도 군산시 수송북로 7,"063-467-2262,6752~3"
IBK기업은행,남원,전라북도 남원시 남문로 462,063-626-0143~4
IBK기업은행,새만금,전라북도 군산시 산단남북로 169,063-471-9462~3
IBK기업은행,서전주,전라북도 전주시 홍산로 245,063-224-0313
IBK기업은행,완주산단,전라북도 완주군 삼봉7로 22,063-280-6390
IBK기업은행,익산,전라북도 익산시 무왕로 1195,"063-832-6907,6908"
IBK기업은행,전주,전라북도 전주시 팔달로 163,063-284-6823
IBK기업은행,전주서신동,전라북도 전주시 온고을로 29,063-273-9661~3
IBK기업은행,정읍,전라북도 정읍시 중앙로 72,063-531-4114~5
NH농협은행,금암동지점,전라북도 전주시 기린대로 418 1층,063-273-6923
SC제일은행,군산,전라북도 군산시 월명로 213,063-445-2124
SC제일은행,전주,전라북도 전주시 온고을로 28,063-284-4842
Sh수협은행,전북지역금융본부,전라북도 전주시 기린대로 395,063-276-7801
Sh수협은행,전주,"전라북도 전주시 세병로 21 포레나전주에코시티 B136호, 151~153호",063-285-4111
