금고명,분류,주소,전화번호,시군
남전주 (본점),지역,전북 전주시 완산구 향교길 6,063-288-7763,전주시
남전주 (삼천용리로),지역,전북 전주시 완산구 용리로 177,063-228-7731,전주시
남전주 (효천),지역,전북 전주시 완산구 홍산로 16,063-288-2595,전주시
열린 (본점),지역,전북 전주시 완산구 전주객사3길 53,063-231-0667,전주시
열린 (희망),지역,전북 전주시 완산구 세내로 257,063-236-5444,전주시
열린 (행복),지역,전북 전주시 완산구 유연로 217-29,063-237-0667,전주시
열린 (미소),지역,전북 전주시 완산구 호암로 59,063-224-0667,전주시
열린 (보람),지역,전북 전주시 덕진구 기지로 91,063-228-0667,전주시
늘푸른 (본점),지역,전북 전주시 완산구 권삼득로 72,063-282-9984,전주시
늘푸른 (어울림),지역,전북 전주시 덕진구 심방죽로 73,063-243-5000,전주시
늘푸른 (안골),지역,전북 전주시 덕진구 안덕원로 241,063-242-5566,전주시
늘푸른 (우아),지역,전북 전주시 덕진구 견훤로 487-1,063-242-9984,전주시
중부 (본점),지역,전북 전주시 완산구 용머리로 151,063-236-2996,전주시
중부 (서원로),지역,전북 전주시 완산구 서원로 325,063-285-2996,전주시
중부 (벚꽃),지역,전북 전주시 덕진구 벚꽃3길 1,063-254-2993,전주시
동부 (본점),지역,전북 전주시 덕진구 기린대로 533,063-254-2375,전주시
동부 (문화로),지역,전북 전주시 덕진구 아중로 189,063-242-2968,전주시
동부 (호성),지역,전북 전주시 덕진구 호성3길 19,063-247-9983,전주시
동부 (인후),지역,전북 전주시 덕진구 무삼지로 72,063-246-3260,전주시
동부 (하가),지역,전북 전주시 덕진구 추탄로 22,063-252-2375,전주시
동부 (에코세병로),지역,전북 전주시 덕진구 세병로 93,063-253-2375,전주시
금암 (본점),지역,전북 전주시 덕진구 기린대로 364,063-254-9611,전주시
금암 (천마),지역,전북 전주시 덕진구 사근1길 57,063-274-9611,전주시
금암 (북부),지역,전북 전주시 덕진구 조경단로 92,063-274-6080,전주시
신도 (본점),지역,전북 전주시 덕진구 기린대로 683,063-213-0383,전주시
신도 (서곡),지역,전북 전주시 완산구 세내로 560,063-253-0361,전주시
신도 (아중),지역,전북 전주시 덕진구 석소로 88,063-246-1900,전주시
전주송천 (본점),지역,전북 전주시 덕진구 동부대로 1142,063-254-5610,전주시
전주송천 (주공.현대3차),지역,전북 전주시 덕진구 붓내3길 50,063-255-5610,전주시
전주송천 (대명),지역,전북 전주시 덕진구 시천로 49,063-251-0616,전주시
전주송천 (송천삼거리),지역,전북 전주시 덕진구 송천로 12,063-255-3211,전주시
전주송천 (신일),지역,전북 전주시 덕진구 솔내로 139,063-251-5610,전주시
전주송천 (더샵2차),지역,전북 전주시 덕진구 세병로 171,063-717-5001,전주시
조촌 (본점),지역,전북 전주시 덕진구 쪽구름로 73,063-211-3910,전주시
조촌 (만성),지역,전북 전주시 덕진구 만성중앙로 50,063-211-3911,전주시
서전주 (본점),지역,전북 전주시 완산구 백제대로 391,063-277-4100,전주시
서전주 (어은로),지역,전북 전주시 완산구 백제대로 274,063-225-4100,전주시
서전주 (평화),지역,전북 전주시 완산구 모악로 4651-8,063-274-4100,전주시
서전주 (선수촌),지역,전북 전주시 완산구 서신로 110,063-251-4100,전주시
서전주 (서천),지역,전북 전주시 완산구 당산로 39,063-271-4100,전주시
신전주 (본점),지역,전북 전주시 완산구 난전들로 266,063-228-1588,전주시
신전주 (평화),지역,전북 전주시 완산구 장승배기로 262,063-287-2436,전주시
신전주 (삼천),지역,전북 전주시 완산구 용리로 39,063-223-8346,전주시
신전주 (대한고속),지역,전북 전주시 완산구 쑥고개로 267,063-227-6066,전주시
전북대학교병원 (본점),직장,전북 전주시 덕진구 건지로 20,063-250-1951,전주시
전북대학교 (본점),직장,전북 전주시 덕진구 백제대로 567,063-270-2150,전주시
휴비스 (본점),직장,전북 전주시 덕진구 기린대로 787,063-210-2252,전주시
남부 (본점),지역,전북 전주시 완산구 풍남문2길 57,063-283-7611,전주시
남부 (평화중앙),지역,전북 전주시 완산구 모악로 4746,063-283-7614,전주시
남부 (홍산로),지역,전북 전주시 완산구 홍산로 238,063-286-7616,전주시
군산중부 (본점),지역,전북 군산시 구영7길 105,063-446-0782,군산시
군산중부 (소룡),지역,전북 군산시 동아로 163,063-465-7400,군산시
동군산 (본점),지역,전북 군산시 대야면 번영로 914,063-451-5677,군산시
동군산 (양안),지역,전북 군산시 부골1길 47,063-471-2442,군산시
동군산 (발산),지역,전북 군산시 개정면 바르메길 39,063-451-4334,군산시
금강 (본점),지역,전북 군산시 구시장로 31,063-442-6565,군산시
금강 (성산),지역,전북 군산시 성산면 동군산로 32,063-453-6725,군산시
금강 (조촌),지역,전북 군산시 백릉로 64,063-442-6564,군산시
금강 (미장),지역,전북 군산시 수송로 257,063-453-7575,군산시
남군산 (본점),지역,전북 군산시 미룡로 30,063-471-9888,군산시
남군산 (옥구),지역,전북 군산시 옥구읍 옥구로 26,063-464-9888,군산시
남군산 (나운),지역,전북 군산시 백토로 140,063-466-4151,군산시
남군산 (지곡),지역,전북 군산시 계산로 96-13,063-464-4900,군산시
이리평화 (본점),지역,전북 익산시 평동로1길 19,063-855-1118,익산시
이리평화 (영등),지역,전북 익산시 하나로 457,063-723-2118,익산시
인화 (본점),지역,전북 익산시 평동로11길 9,063-841-9867,익산시
인화 (동산),지역,전북 익산시 평동로 727,063-843-9867,익산시
익산서부 (본점),지역,전북 익산시 배산로4길 9-23,063-854-4393,익산시
익산서부 (모현),지역,전북 익산시 고현로 90,063-857-4393,익산시
신익산 (본점),지역,전북 익산시 황등면 황등로 162-1,063-856-4531,익산시
신익산 (삼성),지역,전북 익산시 무왕로23길 13,063-856-4619,익산시
원광대학교 (본점),직장,전북 익산시 익산대로 460,063-850-5021,익산시
익산중앙 (본점),지역,전북 익산시 익산대로20길 9,063-841-5313,익산시
익산중앙 (부송),지역,전북 익산시 부송로 75,063-838-4313,익산시
익산중앙 (어양),지역,전북 익산시 무왕로18길 27,063-836-9913,익산시
원광 (본점),지역,전북 익산시 무왕로 1066,063-841-6511,익산시
원광 (원대병원),지역,전북 익산시 무왕로 895,063-854-7511,익산시
원광 (역전),지역,전북 익산시 중앙로 43,063-836-4511,익산시
원광 (모현),지역,전북 익산시 배산로 139,063-723-4000,익산시
북부 (본점),지역,전북 익산시 인북로 250,063-852-2272,익산시
정읍 (본점),지역,전북 정읍시 중앙1길 76,063-535-1341,정읍시
정읍 (시기),지역,전북 정읍시 초산로 59,063-535-1345,정읍시
정읍 (수성),지역,전북 정읍시 수성로 51,063-531-6440,정읍시
연지 (본점),지역,전북 정읍시 중앙로 54,063-531-3433,정읍시
연지 (수성),지역,전북 정읍시 수성택지4길 4,063-531-8289,정읍시
상명 (본점),지역,전북 정읍시 충정로 175-1,063-533-9985,정읍시
상명 (시기),지역,전북 정읍시 태평5길 5-2,063-535-3673,정읍시
상명 (상동),지역,전북 정읍시 학산로 102,063-538-9983,정읍시
태인 (본점),지역,전북 정읍시 태인면 태인로 10-1,063-534-4337,정읍시
산외 (본점),지역,전북 정읍시 산외면 산외로 455,063-537-5300,정읍시
신태인 (본점),지역,전북 정읍시 신태인읍 신태인중앙로 17,063-571-3399,정읍시
감곡 (본점),지역,전북 정읍시 감곡면 원삼1길 47,063-571-1737,정읍시
남원 (본점),지역,전북 남원시 남문로 445,063-633-7601,남원시
남원 (동부),지역,전북 남원시 춘향로 24,063-635-2245,남원시
남원 (남부),지역,전북 남원시 쑥고개로 51,063-633-7192,남원시
남원 (서부),지역,전북 남원시 남문로 378,063-635-5130,남원시
남원 (산내),지역,전북 남원시 산내면 대정길 86,063-636-3828,남원시
남원중앙 (본점),지역,전북 남원시 동림로 26,063-631-2290,남원시
남원중앙 (서부),지역,전북 남원시 남문로 413,063-631-6666,남원시
운봉 (본점),지역,전북 남원시 운봉읍 운봉로 688-1,063-634-0419,남원시
지리산 (본점),지역,전북 남원시 인월면 인월로 64,063-636-2300,남원시
지리산 (아영),지역,전북 남원시 아영면 아백로 353-1,063-626-5800,남원시
지리산 (시청로),지역,전북 남원시 시청로 51,063-634-2500,남원시
동남원 (본점),지역,전북 남원시 용성로 348,063-930-6522,남원시
동남원 (도통),지역,전북 남원시 용성로 199,063-635-6521,남원시
동남원 (산동),지역,전북 남원시 산동면 요천로 2914,063-625-6522,남원시
김제하나 (본점),지역,전북 김제시 서낭당길 36,063-545-2960,김제시
김제하나 (신풍),지역,전북 김제시 도작로 27,063-546-3390,김제시
만경 (본점),지역,전북 김제시 만경읍 만경4길 48,063-542-6082,김제시
지평선 (본점),지역,전북 김제시 금산면 모악로 11,063-543-0808,김제시
지평선 (교월),지역,전북 김제시 동서로 79,063-770-8007,김제시
새만금 (본점),지역,전북 김제시 검산택지4길 45,063-547-3939,김제시
새만금 (요촌),지역,전북 김제시 동서로 150,063-546-3938,김제시
완주 (본점),지역,전북 완주군 봉동읍 봉동동서로 123,063-261-3890,완주군
완주 (삼례),지역,전북 완주군 삼례읍 왕궁로 10,063-291-2909,완주군
한누리 (본점),지역,전북 완주군 고산면 고산로 114,063-263-7721,완주군
한누리 (둔산),지역,전북 완주군 봉동읍 둔산1로 121,063-263-7725,완주군
현대자동차 (전주공장),직장,전북 완주군 봉동읍 완주산단5로 163,063-260-5982,완주군
진안 (본점),지역,전북 진안군 진안읍 중앙로 37,063-433-1366,진안군
진안 (마령),지역,전북 진안군 마령면 임진로 2103,063-432-5510,진안군
진안동부 (본점),지역,전북 진안군 진안읍 진무로 1106,063-433-0820,진안군
설천 (본점),지역,전북 무주군 설천면 무설로 1589-1,063-324-7701,무주군
설천 (무주덕유산리조트),지역,전북 무주군 설천면 만선로 185,063-320-7651,무주군
무주 (본점),지역,전북 무주군 무주읍 주계로 77,063-322-4773,무주군
장수 (본점),지역,전북 장수군 장수읍 장천로 174-1,063-351-2688,장수군
장계 (본점),지역,전북 장수군 장계면 한들로 95,063-351-0455,장수군
산서 (본점),지역,전북 장수군 산서면 보산로 1872,063-351-3525,장수군
임실 (본점),지역,전북 임실군 임실읍 운수로 27,063-642-1136,임실군
임실 (강덕),지역,전북 임실군 강진면 호국로 28,063-643-1128,임실군
임실 (오수),지역,전북 임실군 오수면 오수로 152,063-642-5484,임실군
임실 (관촌),지역,전북 임실군 관촌면 사선로 45,063-642-0077,임실군
순창 (본점),지역,전북 순창군 순창읍 장류로 347,063-653-2602,순창군
쌍치 (본점),지역,전북 순창군 쌍치면 쌍계로 29,063-652-2188,순창군
고창 (본점),지역,전북 고창군 고창읍 중앙로 226,063-564-1655,고창군
고창 (해리),지역,전북 고창군 해리면 해리중앙로 77,063-562-1183,고창군
고창 (상하),지역,전북 고창군 상하면 상하1길 8-1,063-563-0260,고창군
부령 (본점),지역,전북 부안군 부안읍 부풍로 35,063-582-0388,부안군
부령 (봉덕),지역,전북 부안군 부안읍 석정로 223,063-584-2420,부안군
남부안 (본점),지역,전북 부안군 진서면 청자로 953,063-582-7240,부안군
남부안 (줄포),지역,전북 부안군 줄포면 줄포중앙로 31,063-583-2907,부안군
남부안 (보안),지역,전북 부안군 보안면 영전길 11,063-582-3343,부안군
