time,value_billion_krw,unit,stat_code,item_code,region_code,institution_code
202508,38053.1,십억원,141Y003,200000,Q00,0950
202509,37889.8,십억원,141Y003,200000,Q00,0950
202510,38035.2,십억원,141Y003,200000,Q00,0950
202511,37948.2,십억원,141Y003,200000,Q00,0950
202512,38031.7,십억원,141Y003,200000,Q00,0950
202601,38100.4,십억원,141Y003,200000,Q00,0950
202602,38235.4,십억원,141Y003,200000,Q00,0950
202603,38215.2,십억원,141Y003,200000,Q00,0950
202604,38381.4,십억원,141Y003,200000,Q00,0950
202605,38420.9,십억원,141Y003,200000,Q00,0950
