code,sigungu,dong,lat,lon,point_method,admin_area_km2,pop_total,pop_65plus,ratio_65plus,nearest_km,nearest_outlet_id,nearest_name,nearest_type,nearest_open_km,nearest_open_name,nearest_any_km,nearest_any_outlet_id,nearest_any_name,nearest_any_type,distance_model,distance_scope,population_exposure_valid,near_우체국_km,near_은행_km,near_신협_km,near_새마을금고_km,cnt_1km,cnt_any_1km,cnt_3km,cnt_any_3km,cnt_5km,cnt_any_5km
5211151000,전주시완산구,중앙동,35.8204783,127.1404173,largest_component_centroid_inside,1.285,9421,2763,29.3,0.15,JB-A2F407C8AB48,열린 (본점) 새마을금고,새마을금고,0.15,열린 (본점) 새마을금고,0.15,JB-A2F407C8AB48,열린 (본점) 새마을금고,새마을금고,largest_polygon_interior_point_straight_line,finance_open_proxy_Y,N,0.392,0.477,0.352,0.15,25,27,108,120,172,187
5211153000,전주시완산구,풍남동,35.8144134,127.1577015,largest_component_centroid_inside,2.112,3321,1521,45.8,0.77,JB-1532B4B7A998,남전주 (본점) 새마을금고,새마을금고,0.77,남전주 (본점) 새마을금고,0.375,JB-AA54854492DA,전주교동우편취급국,우체국,largest_polygon_interior_point_straight_line,finance_open_proxy_Y,N,1.095,0.847,0.863,0.77,5,7,59,65,138,152
5211160500,전주시완산구,노송동,35.8234841,127.1546251,largest_component_centroid_inside,1.957,9816,3405,34.7,0.372,JB-29A53FCC0325,전주중노송동우체국,우체국,0.372,전주중노송동우체국,0.372,JB-29A53FCC0325,전주중노송동우체국,우체국,largest_polygon_interior_point_straight_line,finance_open_proxy_Y,N,0.372,0.597,0.816,0.917,14,15,75,84,151,165
5211163500,전주시완산구,완산동,35.8087095,127.1406732,largest_component_centroid_inside,1.114,4673,1652,35.4,0.696,JB-EB35C9C948D1,남부 (본점) 새마을금고,새마을금고,0.696,남부 (본점) 새마을금고,0.664,JB-BAFC3F838AC1,전주광진우편취급국,우체국,largest_polygon_interior_point_straight_line,finance_open_proxy_Y,N,1.115,0.874,0.838,0.696,6,8,81,89,155,170
5211165000,전주시완산구,동서학동,35.7949285,127.1830666,largest_component_centroid_inside,15.559,5532,2237,40.4,3.301,JB-E0DD5EE272D4,전주성가신용협동조합 지점,신협,3.301,전주성가신용협동조합 지점,3.155,JB-AA54854492DA,전주교동우편취급국,우체국,largest_polygon_interior_point_straight_line,finance_open_proxy_Y,N,3.816,3.551,3.301,3.516,0,0,0,0,44,49
5211166000,전주시완산구,서서학동,35.7928366,127.1531725,largest_component_centroid_inside,2.829,7569,2839,37.5,1.096,JB-A962543DBDE1,전북은행 장승로,은행,1.096,전북은행 장승로,1.096,JB-A962543DBDE1,전북은행 장승로,은행,largest_polygon_interior_point_straight_line,finance_open_proxy_Y,N,1.531,1.096,1.376,1.255,0,0,29,33,102,112
5211167100,전주시완산구,중화산1동,35.8139392,127.1302438,largest_component_centroid_inside,1.219,13162,3422,26.0,0.172,JB-9270F2F08C4C,중부 (서원로) 새마을금고,새마을금고,0.172,중부 (서원로) 새마을금고,0.172,JB-9270F2F08C4C,중부 (서원로) 새마을금고,새마을금고,largest_polygon_interior_point_straight_line,finance_open_proxy_Y,N,0.76,0.669,0.217,0.172,9,11,113,125,165,180
5211167200,전주시완산구,중화산2동,35.8195591,127.12034,largest_component_centroid_inside,1.537,18549,2860,15.4,0.333,JB-F6C44BB77238,전주중화산동우체국,우체국,0.333,전주중화산동우체국,0.19,JB-064A0494C99A,전주근영우편취급국,우체국,largest_polygon_interior_point_straight_line,finance_open_proxy_Y,N,0.333,0.402,0.412,0.345,12,13,120,132,177,192
5211168000,전주시완산구,서신동,35.8324178,127.1161932,largest_component_centroid_inside,2.369,37842,6525,17.2,0.168,JB-2B764B501208,전북은행 서신동,은행,0.168,전북은행 서신동,0.168,JB-2B764B501208,전북은행 서신동,은행,largest_polygon_interior_point_straight_line,finance_open_proxy_Y,N,0.209,0.168,0.24,0.3,16,16,94,102,195,210
5211169100,전주시완산구,평화1동,35.7932692,127.1431177,largest_component_centroid_inside,1.407,11418,4260,37.3,0.578,JB-398D4E0E8C68,신전주 (평화) 새마을금고,새마을금고,0.578,신전주 (평화) 새마을금고,0.578,JB-398D4E0E8C68,신전주 (평화) 새마을금고,새마을금고,largest_polygon_interior_point_straight_line,finance_open_proxy_Y,N,0.654,0.683,0.889,0.578,6,6,43,49,122,132
5211169200,전주시완산구,평화2동,35.7725521,127.1262835,largest_component_centroid_inside,15.477,41689,9549,22.9,1.408,JB-979F36B1C430,서전주 (평화) 새마을금고,새마을금고,1.408,서전주 (평화) 새마을금고,1.408,JB-979F36B1C430,서전주 (평화) 새마을금고,새마을금고,largest_polygon_interior_point_straight_line,finance_open_proxy_Y,N,2.266,1.778,1.735,1.408,0,0,12,13,48,52
5211170100,전주시완산구,삼천1동,35.8002189,127.1256678,largest_component_centroid_inside,0.687,10581,2748,26.0,0.243,JB-E0CB4EF44599,남전주 (삼천용리로) 새마을금고,새마을금고,0.243,남전주 (삼천용리로) 새마을금고,0.243,JB-E0CB4EF44599,남전주 (삼천용리로) 새마을금고,새마을금고,largest_polygon_interior_point_straight_line,finance_open_proxy_Y,N,0.545,0.356,0.328,0.243,11,12,79,87,140,155
5211170200,전주시완산구,삼천2동,35.795525,127.1228538,largest_component_centroid_inside,0.735,11364,3361,29.6,0.111,JB-6217CB620D51,전주삼천동우체국,우체국,0.111,전주삼천동우체국,0.111,JB-6217CB620D51,전주삼천동우체국,우체국,largest_polygon_interior_point_straight_line,finance_open_proxy_Y,N,0.111,0.243,0.292,0.568,9,10,58,65,125,136
5211170300,전주시완산구,삼천3동,35.7713879,127.0856197,largest_component_centroid_inside,25.887,19931,4823,24.2,3.172,JB-38B7D66EC47E,전주동부신용협동조합 지점,신협,3.172,전주동부신용협동조합 지점,3.172,JB-38B7D66EC47E,전주동부신용협동조합 지점,신협,largest_polygon_interior_point_straight_line,finance_open_proxy_Y,N,4.297,3.983,3.172,3.306,0,0,0,0,29,31
5211171100,전주시완산구,효자1동,35.804773,127.1323466,largest_component_centroid_inside,1.026,11668,3176,27.2,0.399,JB-79B669E4346B,전북은행 효자동,은행,0.399,전북은행 효자동,0.205,JB-BAFC3F838AC1,전주광진우편취급국,우체국,largest_polygon_interior_point_straight_line,finance_open_proxy_Y,N,0.748,0.399,0.487,0.519,8,9,90,99,154,169
5211171200,전주시완산구,효자2동,35.8080791,127.1192958,largest_component_centroid_inside,0.842,8538,2577,30.2,0.284,JB-D8DBDBF14705,전북은행 안행교,은행,0.284,전북은행 안행교,0.284,JB-D8DBDBF14705,전북은행 안행교,은행,largest_polygon_interior_point_straight_line,finance_open_proxy_Y,N,0.496,0.284,0.296,0.714,15,16,101,109,150,165
5211171300,전주시완산구,효자3동,35.805893,127.1134333,largest_component_centroid_inside,0.745,13466,3632,27.0,0.046,JB-5DFA5699BEF4,전주파티마신용협동조합 지점,신협,0.046,전주파티마신용협동조합 지점,0.046,JB-5DFA5699BEF4,전주파티마신용협동조합 지점,신협,largest_polygon_interior_point_straight_line,finance_open_proxy_Y,N,0.157,0.061,0.046,0.788,14,15,75,82,136,151
5211171400,전주시완산구,효자4동,35.8107711,127.0864799,largest_component_centroid_inside,8.621,38823,5069,13.1,0.637,JB-70B2782DD9ED,우리은행 전주대학교(출),은행,0.637,우리은행 전주대학교(출),0.637,JB-B0AD5BB2C6C7,전주대학교우편취급국,우체국,largest_polygon_interior_point_straight_line,finance_open_proxy_Y,N,1.758,0.637,0.637,1.257,4,5,41,44,110,118
5211173000,전주시완산구,효자5동,35.8261856,127.0971617,largest_component_centroid_inside,6.523,36166,3029,8.4,0.816,JB-0C35784B6D7F,NH농협은행 전북영업부,은행,0.816,NH농협은행 전북영업부,0.816,JB-0C35784B6D7F,NH농협은행 전북영업부,은행,largest_polygon_interior_point_straight_line,finance_open_proxy_Y,N,1.119,0.816,0.977,0.962,4,4,68,73,159,172
5211352500,전주시덕진구,진북동,35.8277046,127.1341004,largest_component_centroid_inside,1.616,11878,4464,37.6,0.03,JB-4854CAAAC892,중부 (벚꽃) 새마을금고,새마을금고,0.03,중부 (벚꽃) 새마을금고,0.03,JB-4854CAAAC892,중부 (벚꽃) 새마을금고,새마을금고,largest_polygon_interior_point_straight_line,finance_open_proxy_Y,N,0.197,0.184,0.35,0.03,14,14,116,129,181,196
