sigungu,pop_total,pop_65plus,ratio_65plus,points_total,우체국,은행,신협,새마을금고,시중은행,지방은행,특수은행,우리은행,전북은행,NH농협은행,per_10k_65plus
임실군,25342,11198,44.2,18,12,2,0,4,0,0,2,0,0,2,16.1
진안군,24689,10514,42.6,18,11,3,1,3,0,1,2,0,1,2,17.1
고창군,50071,20870,41.7,25,14,3,5,3,0,1,2,0,1,2,12.0
장수군,21169,8755,41.4,14,7,2,2,3,0,0,2,0,0,2,16.0
부안군,46946,19234,41.0,23,13,4,1,5,1,1,2,0,1,2,12.0
무주군,23326,9356,40.1,15,6,3,3,3,0,1,2,0,1,2,16.0
순창군,27584,10831,39.3,16,9,3,2,2,0,1,2,0,1,2,14.8
김제시,81631,30000,36.8,30,16,5,2,7,2,1,2,1,1,2,10.0
남원시,73812,26161,35.4,40,16,6,4,14,1,1,4,0,1,3,15.3
정읍시,100738,34282,34.0,40,18,8,2,12,2,2,4,1,2,3,11.7
완주군,100102,27560,27.5,34,13,10,7,4,3,6,4,1,6,3,12.3
익산시,266758,70191,26.3,80,25,21,18,16,7,8,6,2,8,5,11.4
군산시,255591,64219,25.1,82,21,27,21,13,11,7,9,3,7,5,12.8
전주시,620874,126989,20.5,208,23,78,60,47,17,42,24,5,42,17,16.4
