outlet_id,type,name,source_addr,lat,lon,source_correction_id,coord_sigungu_sgis,reverse_address_kakao,reverse_sigungu_kakao,audit_status,sample_reason,audit_date
JB-0004CFAB2E52,우체국,완주구이우체국,전북특별자치도 완주군 구이면 하학길 6,35.7331269167558,127.119553412361,,완주군,전북특별자치도 완주군 구이면 하학길 6,완주군,PASS,stratified_type_sigungu,2026-08-11
JB-002062F71483,신협,삼례신용협동조합 지점,전북특별자치도 완주군 삼례읍삼봉1로 2 삼례신협 삼봉지점,35.9225088689226,127.123709062674,,완주군,전북특별자치도 완주군 삼례읍 삼봉1로 2,완주군,PASS,stratified_type_sigungu,2026-08-11
JB-004E8AC79549,신협,노송신용협동조합 지점,전북특별자치도 전주시 덕진구 석소로 31 108동 101호-1,35.8300864405375,127.168723098696,,전주시,전북특별자치도 전주시 덕진구 석소로 31,전주시,PASS,stratified_type_sigungu,2026-08-11
JB-0067FECE4FF6,새마을금고,서전주 (본점) 새마을금고,전북특별자치도 전주시 완산구 백제대로 391,35.8280766665064,127.122321180658,,전주시,전북특별자치도 전주시 완산구 백제대로 391,전주시,PASS,stratified_type_sigungu,2026-08-11
JB-00769D29DE57,우체국,전주서학동우체국,전북특별자치도 전주시 완산구 팔달로 15,35.8043667208958,127.148438335226,,전주시,전북특별자치도 전주시 완산구 팔달로 15,전주시,PASS,stratified_type_sigungu,2026-08-11
JB-00CB6747D0D8,우체국,군산지곡동우체국,전북특별자치도 군산시 백토로 227,35.9589206644014,126.704684875035,,군산시,전북특별자치도 군산시 백토로 227,군산시,PASS,stratified_type_sigungu,2026-08-11
JB-025693CEBC10,우체국,익산여산우체국,전북특별자치도 익산시 여산면 가람로 382,36.059036334755,127.084618207642,,익산시,전북특별자치도 익산시 여산면 가람로 382,익산시,PASS,stratified_type_sigungu,2026-08-11
JB-0283AEEAF9CA,은행,SC제일은행 전주,전북특별자치도 전주시 온고을로 28,35.8342139716588,127.119811123109,,전주시,전북특별자치도 전주시 완산구 온고을로 28,전주시,PASS,stratified_type_sigungu,2026-08-11
JB-0297B31A219A,은행,우리은행 전북혁신도시(출),전북특별자치도 완주군 안전로 135,35.836057248262,127.058201699308,,완주군,전북특별자치도 완주군 이서면 안전로 135,완주군,PASS,stratified_type_sigungu,2026-08-11
JB-030A736227D0,새마을금고,고창 (해리) 새마을금고,전북특별자치도 고창군 해리면 해리중앙로 77,35.4591774111642,126.540912283101,,고창군,전북특별자치도 고창군 해리면 해리중앙로 77,고창군,PASS,stratified_type_sigungu,2026-08-11
JB-039558304579,우체국,임실성수우체국,전북특별자치도 임실군 성수면 임진로 204,35.6289561169421,127.332214025557,,임실군,전북특별자치도 임실군 성수면 임진로 204,임실군,PASS,stratified_type_sigungu,2026-08-11
JB-0430706C8B03,새마을금고,동군산 (발산) 새마을금고,전북특별자치도 군산시 개정면 바르메길 39,35.9582716638147,126.795844027573,,군산시,전북특별자치도 군산시 개정면 바르메길 39,군산시,PASS,stratified_type_sigungu,2026-08-11
JB-049275EB4450,은행,IBK기업은행 새만금,전북특별자치도 군산시 산단남북로 169,35.9611847130527,126.560537381703,,군산시,전북특별자치도 군산시 산단남북로 169,군산시,PASS,stratified_type_sigungu,2026-08-11
JB-063E772DA64A,은행,전북은행 익산시청,전북특별자치도 익산시 인북로32길1 지하1층,35.9486309855742,126.957911101192,,익산시,전북특별자치도 익산시 인북로32길 1,익산시,PASS,stratified_type_sigungu,2026-08-11
JB-06BF886E4359,우체국,남원송동우체국,전북특별자치도 남원시 송동면 송기안길 29-16,35.3553893429533,127.337375312129,,남원시,전북특별자치도 남원시 송동면 송기안길 29-16,남원시,PASS,stratified_type_sigungu,2026-08-11
JB-06DD6F72C15B,우체국,순창동계우체국,전북특별자치도 순창군 동계면 동계로 11,35.43978222592,127.238665330018,,순창군,전북특별자치도 순창군 동계면 동계로 11,순창군,PASS,stratified_type_sigungu,2026-08-11
JB-075D90B32C24,새마을금고,김제하나 (본점) 새마을금고,전북특별자치도 김제시 서낭당길 36,35.8008202116517,126.886715977756,,김제시,전북특별자치도 김제시 서낭당길 36,김제시,PASS,stratified_type_sigungu,2026-08-11
JB-082F806B8158,신협,이리신용협동조합 지점,전북특별자치도 익산시 무왕로20길 14 이리신용협동조합,35.9574088209021,126.979908137684,,익산시,전북특별자치도 익산시 무왕로20길 14,익산시,PASS,stratified_type_sigungu,2026-08-11
JB-0846C53F19FC,우체국,부안서외우편취급국,전북특별자치도 부안군 부안읍 번영로 94-1,35.7263546002965,126.730817234788,,부안군,전북특별자치도 부안군 부안읍 번영로 94-1,부안군,PASS,stratified_type_sigungu,2026-08-11
JB-08D41B353D2A,신협,설천신용협동조합 본점,전북특별자치도 무주군 설천면 무설로 1583 설천신용협동조합,36.0095945274928,127.787240571049,,무주군,전북특별자치도 무주군 설천면 무설로 1583,무주군,PASS,stratified_type_sigungu,2026-08-11
