outlet_id,type,name,addr,sigungu,sigungu_src,detail,finance_open,finance_status,status_basis,lat,lon,geo_how,geo_quality,geo_matched,geo_matched_sigungu,coord_admin_code,coord_sigungu,coord_dong,geo_inside_jeonbuk,geo_admin_match,geo_matched_admin_match,geo_review,source_correction_id,source,source_snapshot
JB-8CA871F692E9,우체국,정읍우체국,전북특별자치도 정읍시 조곡천1길 27,정읍시,,09:00~16:30,Y,open_reported,원천에 금융영업시간 기재,35.5684613165603,126.847392639301,정제주소,address,전북특별자치도 정읍시 조곡천1길 27,정읍시,5218057000,정읍시,연지동,Y,Y,Y,polygon_validated,,우정사업본부 우체국 정보,2026-08-10
JB-275F09C709C6,우체국,군산경암동우체국,전북특별자치도 군산시 해망로 38,군산시,,09:00~16:30,Y,open_reported,원천에 금융영업시간 기재,35.9788231910674,126.724509040383,정제주소,address,전북특별자치도 군산시 해망로 38,군산시,5213066000,군산시,경암동,Y,Y,Y,polygon_validated,,우정사업본부 우체국 정보,2026-08-10
JB-0004CFAB2E52,우체국,완주구이우체국,전북특별자치도 완주군 구이면 하학길 6,완주군,,09:00~16:30,Y,open_reported,원천에 금융영업시간 기재,35.7331269167558,127.119553412361,정제주소,address,전북특별자치도 완주군 구이면 하학길 6,완주군,5271035000,완주군,구이면,Y,Y,Y,polygon_validated,,우정사업본부 우체국 정보,2026-08-10
JB-3E3B9864B5F5,우체국,완주경천우편취급국,전북특별자치도 완주군 경천면 대둔산로 238,완주군,,미운영,N,closed_reported,원천 금융영업시간=미운영,36.0214733462985,127.250349549106,정제주소,address,전북특별자치도 완주군 경천면 대둔산로 238,완주군,5271041000,완주군,경천면,Y,Y,Y,polygon_validated,,우정사업본부 우체국 정보,2026-08-10
JB-2493A47B99B6,우체국,무주설천우체국,전북특별자치도 무주군 설천면 무설로 1606,무주군,,09:00~16:30,Y,open_reported,원천에 금융영업시간 기재,36.0079546650623,127.788671515127,정제주소,address,전북특별자치도 무주군 설천면 무설로 1606,무주군,5273032000,무주군,설천면,Y,Y,Y,polygon_validated,,우정사업본부 우체국 정보,2026-08-10
JB-457B92D1CD09,우체국,남원우체국,전북특별자치도 남원시 광한북로 66,남원시,,09:00~16:30,Y,open_reported,원천에 금융영업시간 기재,35.4086791748436,127.380411956877,정제주소,address,전북특별자치도 남원시 광한북로 66,남원시,5219052000,남원시,죽항동,Y,Y,Y,polygon_validated,,우정사업본부 우체국 정보,2026-08-10
JB-8A863D0BA48F,우체국,남원운봉우체국,전북특별자치도 남원시 운봉읍 운성로 27,남원시,,09:00~16:30,Y,open_reported,원천에 금융영업시간 기재,35.4364692010295,127.530186251493,정제주소,address,전북특별자치도 남원시 운봉읍 운성로 27,남원시,5219025000,남원시,운봉읍,Y,Y,Y,polygon_validated,,우정사업본부 우체국 정보,2026-08-10
JB-243F9E18DFEB,우체국,남원금지우체국,전북특별자치도 남원시 금지면 택내길 12,남원시,,09:00~16:30,Y,open_reported,원천에 금융영업시간 기재,35.3282433562766,127.298138874045,정제주소,address,전북특별자치도 남원시 금지면 택내길 12,남원시,5219035000,남원시,금지면,Y,Y,Y,polygon_validated,,우정사업본부 우체국 정보,2026-08-10
JB-873B50C9F36C,우체국,남원산내우체국,전북특별자치도 남원시 산내면 천왕봉로 574,남원시,,09:00~16:30,Y,open_reported,원천에 금융영업시간 기재,35.4286355971698,127.620581349805,정제주소,address,전북특별자치도 남원시 산내면 천왕봉로 574,남원시,5219046000,남원시,산내면,Y,Y,Y,polygon_validated,,우정사업본부 우체국 정보,2026-08-10
JB-3A438B14655F,우체국,남원이백우체국,전북특별자치도 남원시 이백면 이백로 484,남원시,,09:00~16:30,Y,open_reported,원천에 금융영업시간 기재,35.4279965757885,127.457569017369,정제주소,address,전북특별자치도 남원시 이백면 이백로 484,남원시,5219042000,남원시,이백면,Y,Y,Y,polygon_validated,,우정사업본부 우체국 정보,2026-08-10
JB-1DE6BC4701EE,우체국,남원인월우체국,전북특별자치도 남원시 인월면 인월장터로 29,남원시,,09:00~16:30,Y,open_reported,원천에 금융영업시간 기재,35.4622947200018,127.601060652562,정제주소,address,전북특별자치도 남원시 인월면 인월장터로 29,남원시,5219047000,남원시,인월면,Y,Y,Y,polygon_validated,,우정사업본부 우체국 정보,2026-08-10
JB-2612F161A8FB,우체국,남원아영우체국,전북특별자치도 남원시 아영면 아백로 343,남원시,,09:00~16:30,Y,open_reported,원천에 금융영업시간 기재,35.5055867075988,127.610947595353,정제주소,address,전북특별자치도 남원시 아영면 아백로 343,남원시,5219045000,남원시,아영면,Y,Y,Y,polygon_validated,,우정사업본부 우체국 정보,2026-08-10
JB-0A6CB1EAF007,우체국,남원산동우체국,전북특별자치도 남원시 산동면 요천로 2912,남원시,,09:00~16:30,Y,open_reported,원천에 금융영업시간 기재,35.4917564157914,127.475435575715,정제주소,address,전북특별자치도 남원시 산동면 요천로 2912,남원시,5219041000,남원시,산동면,Y,Y,Y,polygon_validated,,우정사업본부 우체국 정보,2026-08-10
JB-225E9B390244,우체국,남원보절우체국,전북특별자치도 남원시 보절면 보산로 927,남원시,,09:00~16:30,Y,open_reported,원천에 금융영업시간 기재,35.512527039097,127.401563474841,정제주소,address,전북특별자치도 남원시 보절면 보산로 927,남원시,5219040000,남원시,보절면,Y,Y,Y,polygon_validated,,우정사업본부 우체국 정보,2026-08-10
JB-DE2FDE217469,우체국,남원사매우체국,전북특별자치도 남원시 사매면 덕오로 99,남원시,,09:00~16:30,Y,open_reported,원천에 금융영업시간 기재,35.4991767248973,127.359640973573,정제주소,address,전북특별자치도 남원시 사매면 덕오로 99,남원시,5219038000,남원시,사매면,Y,Y,Y,polygon_validated,,우정사업본부 우체국 정보,2026-08-10
JB-B3D70181C033,우체국,남원수지우체국,전북특별자치도 남원시 수지면 고주로 623,남원시,,09:00~16:30,Y,open_reported,원천에 금융영업시간 기재,35.3384434095689,127.371704882954,정제주소,address,전북특별자치도 남원시 수지면 고주로 623,남원시,5219032000,남원시,수지면,Y,Y,Y,polygon_validated,,우정사업본부 우체국 정보,2026-08-10
JB-8BFD8D9B28AD,우체국,남원주생우체국,전북특별자치도 남원시 주생면 요천로 817,남원시,,09:00~16:30,Y,open_reported,원천에 금융영업시간 기재,35.3780340422966,127.321294338187,정제주소,address,전북특별자치도 남원시 주생면 요천로 817,남원시,5219034000,남원시,주생면,Y,Y,Y,polygon_validated,,우정사업본부 우체국 정보,2026-08-10
JB-5E8F60E75F39,우체국,무주안성우체국,전북특별자치도 무주군 안성면 시장윗길 6,무주군,,09:00~16:30,Y,open_reported,원천에 금융영업시간 기재,35.8677659775598,127.654270364622,정제주소,address,전북특별자치도 무주군 안성면 시장윗길 6,무주군,5273034000,무주군,안성면,Y,Y,Y,polygon_validated,,우정사업본부 우체국 정보,2026-08-10
JB-329C6618C98F,우체국,무주무풍우체국,전북특별자치도 무주군 무풍면 현내로 230,무주군,,09:00~16:30,Y,open_reported,원천에 금융영업시간 기재,35.9691823753227,127.850619040363,정제주소,address,전북특별자치도 무주군 무풍면 현내로 230,무주군,5273031000,무주군,무풍면,Y,Y,Y,polygon_validated,,우정사업본부 우체국 정보,2026-08-10
JB-C2A2B5B215AB,우체국,무주부남우체국,전북특별자치도 무주군 부남면 대소길 24,무주군,,09:00~16:30,Y,open_reported,원천에 금융영업시간 기재,35.9729244941866,127.560673751962,정제주소,address,전북특별자치도 무주군 부남면 대소길 24,무주군,5273035000,무주군,부남면,Y,Y,Y,polygon_validated,,우정사업본부 우체국 정보,2026-08-10
