outlet_id,type,name,addr,addr_geo,sigungu,detail,finance_open,finance_status,status_basis,source_correction_id,source,source_snapshot
JB-8CA871F692E9,우체국,정읍우체국,전북특별자치도 정읍시 조곡천1길 27,전북특별자치도 정읍시 조곡천1길 27,정읍시,09:00~16:30,Y,open_reported,원천에 금융영업시간 기재,,우정사업본부 우체국 정보,2026-08-10
JB-275F09C709C6,우체국,군산경암동우체국,전북특별자치도 군산시 해망로 38,전북특별자치도 군산시 해망로 38,군산시,09:00~16:30,Y,open_reported,원천에 금융영업시간 기재,,우정사업본부 우체국 정보,2026-08-10
JB-0004CFAB2E52,우체국,완주구이우체국,전북특별자치도 완주군 구이면 하학길 6,전북특별자치도 완주군 구이면 하학길 6,완주군,09:00~16:30,Y,open_reported,원천에 금융영업시간 기재,,우정사업본부 우체국 정보,2026-08-10
JB-3E3B9864B5F5,우체국,완주경천우편취급국,전북특별자치도 완주군 경천면 대둔산로 238,전북특별자치도 완주군 경천면 대둔산로 238,완주군,미운영,N,closed_reported,원천 금융영업시간=미운영,,우정사업본부 우체국 정보,2026-08-10
JB-2493A47B99B6,우체국,무주설천우체국,전북특별자치도 무주군 설천면 무설로 1606,전북특별자치도 무주군 설천면 무설로 1606,무주군,09:00~16:30,Y,open_reported,원천에 금융영업시간 기재,,우정사업본부 우체국 정보,2026-08-10
JB-457B92D1CD09,우체국,남원우체국,전북특별자치도 남원시 광한북로 66,전북특별자치도 남원시 광한북로 66,남원시,09:00~16:30,Y,open_reported,원천에 금융영업시간 기재,,우정사업본부 우체국 정보,2026-08-10
JB-8A863D0BA48F,우체국,남원운봉우체국,전북특별자치도 남원시 운봉읍 운성로 27,전북특별자치도 남원시 운봉읍 운성로 27,남원시,09:00~16:30,Y,open_reported,원천에 금융영업시간 기재,,우정사업본부 우체국 정보,2026-08-10
JB-243F9E18DFEB,우체국,남원금지우체국,전북특별자치도 남원시 금지면 택내길 12,전북특별자치도 남원시 금지면 택내길 12,남원시,09:00~16:30,Y,open_reported,원천에 금융영업시간 기재,,우정사업본부 우체국 정보,2026-08-10
JB-873B50C9F36C,우체국,남원산내우체국,전북특별자치도 남원시 산내면 천왕봉로 574,전북특별자치도 남원시 산내면 천왕봉로 574,남원시,09:00~16:30,Y,open_reported,원천에 금융영업시간 기재,,우정사업본부 우체국 정보,2026-08-10
JB-3A438B14655F,우체국,남원이백우체국,전북특별자치도 남원시 이백면 이백로 484,전북특별자치도 남원시 이백면 이백로 484,남원시,09:00~16:30,Y,open_reported,원천에 금융영업시간 기재,,우정사업본부 우체국 정보,2026-08-10
JB-1DE6BC4701EE,우체국,남원인월우체국,전북특별자치도 남원시 인월면 인월장터로 29,전북특별자치도 남원시 인월면 인월장터로 29,남원시,09:00~16:30,Y,open_reported,원천에 금융영업시간 기재,,우정사업본부 우체국 정보,2026-08-10
JB-2612F161A8FB,우체국,남원아영우체국,전북특별자치도 남원시 아영면 아백로 343,전북특별자치도 남원시 아영면 아백로 343,남원시,09:00~16:30,Y,open_reported,원천에 금융영업시간 기재,,우정사업본부 우체국 정보,2026-08-10
JB-0A6CB1EAF007,우체국,남원산동우체국,전북특별자치도 남원시 산동면 요천로 2912,전북특별자치도 남원시 산동면 요천로 2912,남원시,09:00~16:30,Y,open_reported,원천에 금융영업시간 기재,,우정사업본부 우체국 정보,2026-08-10
JB-225E9B390244,우체국,남원보절우체국,전북특별자치도 남원시 보절면 보산로 927,전북특별자치도 남원시 보절면 보산로 927,남원시,09:00~16:30,Y,open_reported,원천에 금융영업시간 기재,,우정사업본부 우체국 정보,2026-08-10
JB-DE2FDE217469,우체국,남원사매우체국,전북특별자치도 남원시 사매면 덕오로 99,전북특별자치도 남원시 사매면 덕오로 99,남원시,09:00~16:30,Y,open_reported,원천에 금융영업시간 기재,,우정사업본부 우체국 정보,2026-08-10
JB-B3D70181C033,우체국,남원수지우체국,전북특별자치도 남원시 수지면 고주로 623,전북특별자치도 남원시 수지면 고주로 623,남원시,09:00~16:30,Y,open_reported,원천에 금융영업시간 기재,,우정사업본부 우체국 정보,2026-08-10
JB-8BFD8D9B28AD,우체국,남원주생우체국,전북특별자치도 남원시 주생면 요천로 817,전북특별자치도 남원시 주생면 요천로 817,남원시,09:00~16:30,Y,open_reported,원천에 금융영업시간 기재,,우정사업본부 우체국 정보,2026-08-10
JB-5E8F60E75F39,우체국,무주안성우체국,전북특별자치도 무주군 안성면 시장윗길 6,전북특별자치도 무주군 안성면 시장윗길 6,무주군,09:00~16:30,Y,open_reported,원천에 금융영업시간 기재,,우정사업본부 우체국 정보,2026-08-10
JB-329C6618C98F,우체국,무주무풍우체국,전북특별자치도 무주군 무풍면 현내로 230,전북특별자치도 무주군 무풍면 현내로 230,무주군,09:00~16:30,Y,open_reported,원천에 금융영업시간 기재,,우정사업본부 우체국 정보,2026-08-10
JB-C2A2B5B215AB,우체국,무주부남우체국,전북특별자치도 무주군 부남면 대소길 24,전북특별자치도 무주군 부남면 대소길 24,무주군,09:00~16:30,Y,open_reported,원천에 금융영업시간 기재,,우정사업본부 우체국 정보,2026-08-10
