venue_id,name,addr,source_sigungu,fail_reason,candidate_lat,candidate_lon
JSC-C364D5FB04EE,구동호경로당,고창군 해리면 굳오호2길 27,고창군,no_address_or_exact_name_match,,
JSC-40544525FD24,마산경로당,고창군 신림면 자포마산길 33-1,고창군,no_address_or_exact_name_match,,
JSC-98105618C509,신시도경로당,군산시 옥도면 신시도길 83-5,군산시,outside_jeonbuk_admin_boundary,35.8175367824558,126.452575492751
JSC-992B3154A14C,존걸경로당,김제시 공덕면 유강1길 171-15,김제시,no_address_or_exact_name_match,,
JSC-4CDC162E08BF,계동경로당,남원시 사매면 계수리 124,남원시,no_address_or_exact_name_match,,
JSC-3034651FAE31,산곡경로당,남원시 산곡동 226,남원시,no_address_or_exact_name_match,,
JSC-1A6D8F0A228A,성내경로당,남원시 인월면 유곡리 732,남원시,no_address_or_exact_name_match,,
JSC-2CBB7A15BB95,수촌경로당,남원시 덕과면 덕촌리 474-1,남원시,no_address_or_exact_name_match,,
JSC-42E513387915,양지담경로당,무주군 설천면 두길리 산 36번지 4호,무주군,no_address_or_exact_name_match,,
JSC-9AD7F94402D3,전도할머니경로당,무주군 무주읍 내도리 1906번지 3호,무주군,no_address_or_exact_name_match,,
JSC-245E6B4C88FB,남계경로당,순창군 금과면 남계길 41-2,순창군,no_address_or_exact_name_match,,
JSC-972E1DF9B128,동산우남남부@경로당,익산시 동산동 346 (동산동),익산시,no_address_or_exact_name_match,,
JSC-1DD73E970F7F,을곡경로당,장수군 게북면 계향로 326-13,장수군,no_address_or_exact_name_match,,
JSC-4864EF1EEF0D,동국해성남경로당,전주시 덕진구 진북로 15 107/109,전주시,no_address_or_exact_name_match,,
JSC-38EBC0E16F2A,삼천주공3단지경로당,"전주시 완산구 용리로 157(삼천동1가,삼천주공3단지)",전주시,no_address_or_exact_name_match,,
JSC-057ACA12E6D4,남영경로당,정읍시 남영길 52-6,정읍시,no_address_or_exact_name_match,,
JSC-5B64114680A7,동부경로당,정읍시 입석길 45-26,정읍시,no_address_or_exact_name_match,,
JSC-5F3AD594B7EA,반용경로당,정읍시 백운길 145,정읍시,no_address_or_exact_name_match,,
JSC-F8AFA55EDC2E,복용경로당,정읍시 복룡길 17-1,정읍시,no_address_or_exact_name_match,,
JSC-2CC2B2DC6F86,봉화대경로당,정읍시 청정로 1208,정읍시,no_address_or_exact_name_match,,
