venue_id,name,venue_type,addr,source_sigungu,coord_admin_code,coord_sigungu,coord_dong,source_sigungu_match,lat,lon,geocode_method,geocode_query,geo_matched,data_base_date,use_approval_status,time_window_status
JSC-685C5094CD64,다가경로당,경로당,전주시 완산구 전주객사1길 53(다가동4가),전주시,5211151000,전주시완산구,중앙동,Y,35.81869919,127.13872292,kakao_address,전북특별자치도 전주시 완산구 전주객사1길 53(다가동4가),전북특별자치도 전주시 완산구 전주객사1길 53,2024-12-31,unverified,not_provided
JSC-CA3DE7839A13,대양아리스타경로당,경로당,"전주시 완산구 태평4길 11, 101동 3층",전주시,5211151000,전주시완산구,중앙동,Y,35.82346846,127.14258141,kakao_address,"전북특별자치도 전주시 완산구 태평4길 11, 101동 3층",전북특별자치도 전주시 완산구 태평4길 11,2024-12-31,unverified,not_provided
JSC-80C957B0ADEC,만수제경로당,경로당,전주시 완산구 공북1길 11(태평동),전주시,5211151000,전주시완산구,중앙동,Y,35.82653971,127.13729191,kakao_address,전북특별자치도 전주시 완산구 공북1길 11(태평동),전북특별자치도 전주시 완산구 공북1길 11,2024-12-31,unverified,not_provided
JSC-842113A38D21,연수정경로당,경로당,전주시 완산구 전라감영5길 19-11(중앙동3가),전주시,5211151000,전주시완산구,중앙동,Y,35.81735627,127.14516212,kakao_address,전북특별자치도 전주시 완산구 전라감영5길 19-11(중앙동3가),전북특별자치도 전주시 완산구 전라감영5길 19-11,2024-12-31,unverified,not_provided
JSC-6F5AAC78B071,일심자모경로당,경로당,전주시 완산구 전주객사2길 46-8(고사동),전주시,5211151000,전주시완산구,중앙동,Y,35.81884743,127.14097659,kakao_address,전북특별자치도 전주시 완산구 전주객사2길 46-8(고사동),전북특별자치도 전주시 완산구 전주객사2길 46-8,2024-12-31,unverified,not_provided
JSC-1A219E0C8802,중앙경로당,경로당,전주시 완산구 전라감영2길 12-9(중앙동1가),전주시,5211151000,전주시완산구,중앙동,Y,35.81553117,127.14234171,kakao_address,전북특별자치도 전주시 완산구 전라감영2길 12-9(중앙동1가),전북특별자치도 전주시 완산구 전라감영2길 12-9,2024-12-31,unverified,not_provided
JSC-2F0EA894283F,중앙아파트경로당,경로당,전주시 완산구 태평3길70(태평동),전주시,5211151000,전주시완산구,중앙동,Y,35.82524508,127.14246352,kakao_address,전북특별자치도 전주시 완산구 태평3길70(태평동),전북특별자치도 전주시 완산구 태평3길 70,2024-12-31,unverified,not_provided
JSC-DF8162231713,태평1경로당,경로당,전주시 완산구 공북로 67-5(태평동),전주시,5211151000,전주시완산구,중앙동,Y,35.82622351,127.13897483,kakao_address,전북특별자치도 전주시 완산구 공북로 67-5(태평동),전북특별자치도 전주시 완산구 공북로 67-5,2024-12-31,unverified,not_provided
JSC-3C967839731B,태평2경로당,경로당,전주시 완산구 물레방아1길 43-68(태평동),전주시,5211151000,전주시완산구,중앙동,Y,35.82214331,127.13631804,kakao_address,전북특별자치도 전주시 완산구 물레방아1길 43-68(태평동),전북특별자치도 전주시 완산구 물레방아1길 43-68,2024-12-31,unverified,not_provided
JSC-4AC60F2BD9EB,태평SK-VIEW경로당,경로당,"전주시 완산구 태평2길 22(태평동, 태평SKVIEW아파트)",전주시,5211151000,전주시완산구,중앙동,Y,35.82468008,127.13992419,kakao_address,"전북특별자치도 전주시 완산구 태평2길 22(태평동, 태평SKVIEW아파트)",전북특별자치도 전주시 완산구 태평2길 22,2024-12-31,unverified,not_provided
JSC-A8DB3A8E17BA,태평아이파크경로당,경로당,전주시 완산구 태진로 35(태평동),전주시,5211151000,전주시완산구,중앙동,Y,35.82513048,127.13652412,kakao_address,전북특별자치도 전주시 완산구 태진로 35(태평동),전북특별자치도 전주시 완산구 태진로 35,2024-12-31,unverified,not_provided
JSC-C109BB001C69,태평자모경로당,경로당,전주시 완산구 물레방아1길 43-68(태평동),전주시,5211151000,전주시완산구,중앙동,Y,35.82214331,127.13631804,kakao_address,전북특별자치도 전주시 완산구 물레방아1길 43-68(태평동),전북특별자치도 전주시 완산구 물레방아1길 43-68,2024-12-31,unverified,not_provided
JSC-F8B5BFAE4912,교동경로당,경로당,전주시 완산구 은행로 83(교동),전주시,5211153000,전주시완산구,풍남동,Y,35.81253149,127.15305992,kakao_address,전북특별자치도 전주시 완산구 은행로 83(교동),전북특별자치도 전주시 완산구 은행로 83,2024-12-31,unverified,not_provided
JSC-C8D78C5C7BF3,교풍경로당,경로당,전주시 완산구 오목대길 10-6(교동),전주시,5211153000,전주시완산구,풍남동,Y,35.81367163,127.15485363,kakao_address,전북특별자치도 전주시 완산구 오목대길 10-6(교동),전북특별자치도 전주시 완산구 오목대길 10-6,2024-12-31,unverified,not_provided
JSC-1CE6E32E67D7,낙수경로당,경로당,전주시 완산구 낙수정2길 64-13(교동),전주시,5211153000,전주시완산구,풍남동,Y,35.81356696,127.1635248,kakao_address,전북특별자치도 전주시 완산구 낙수정2길 64-13(교동),전북특별자치도 전주시 완산구 낙수정2길 64-13,2024-12-31,unverified,not_provided
JSC-2A5E6D38A3BC,새마을경로당,경로당,전주시 완산구 향교길 14-4(전동),전주시,5211153000,전주시완산구,풍남동,Y,35.8115473,127.15028854,kakao_address,전북특별자치도 전주시 완산구 향교길 14-4(전동),전북특별자치도 전주시 완산구 향교길 14-4,2024-12-31,unverified,not_provided
JSC-CF83CB3B7B2D,승암경로당,경로당,전주시 완산구 바람쐬는길 41(교동),전주시,5211153000,전주시완산구,풍남동,Y,35.80999987,127.16351749,kakao_address,전북특별자치도 전주시 완산구 바람쐬는길 41(교동),전북특별자치도 전주시 완산구 바람쐬는길 41,2024-12-31,unverified,not_provided
JSC-24B868F90439,자만경로당,경로당,전주시 완산구 자만동2길 37(교동),전주시,5211153000,전주시완산구,풍남동,Y,35.81442213,127.15754799,kakao_address,전북특별자치도 전주시 완산구 자만동2길 37(교동),전북특별자치도 전주시 완산구 자만동2길 37,2024-12-31,unverified,not_provided
JSC-11C1456E7125,풍우경로당,경로당,전주시 완산구 은행로 14-1(풍남동1가),전주시,5211153000,전주시완산구,풍남동,Y,35.81862769,127.15165588,kakao_address,전북특별자치도 전주시 완산구 은행로 14-1(풍남동1가),전북특별자치도 전주시 완산구 은행로 14-1,2024-12-31,unverified,not_provided
JSC-56F3E20EED72,한계경로당,경로당,전주시 완산구 오목대길 58(교동),전주시,5211153000,전주시완산구,풍남동,Y,35.81308115,127.15315071,kakao_address,전북특별자치도 전주시 완산구 오목대길 58(교동),전북특별자치도 전주시 완산구 오목대길 58,2024-12-31,unverified,not_provided
