읍면동,경로당명,소재지도로명주소,운영시작일,데이터기준일자
신태인읍,원백산경로당,전북특별자치도 정읍시 원백산2길 16,2009-01-09,2024-12-31
신태인읍,마동경로당,전북특별자치도 정읍시 마동길 18-3,2004-10-11,2024-12-31
신태인읍,이암경로당,전북특별자치도 정읍시 이암길 13-27,2009-01-16,2024-12-31
신태인읍,천단경로당,전북특별자치도 정읍시 천단1길 70,2012-03-13,2024-12-31
신태인읍,노량산경로당,전북특별자치도 정읍시 감곡로 150-2,2002-07-05,2024-12-31
신태인읍,농원경로당,전북특별자치도 정읍시 농원길 13,2006-12-13,2024-12-31
신태인읍,내석경로당,전북특별자치도 정읍시 내석3길 10,1995-01-19,2024-12-31
신태인읍,사해정경로당,전북특별자치도 정읍시 신태인초교길 72,1977-07-20,2024-12-31
신태인읍,구사경로당,전북특별자치도 정읍시 구사3길 2,1998-03-27,2024-12-31
신태인읍,남계경로당,전북특별자치도 정읍시 돌고지길 11,1996-09-10,2024-12-31
신태인읍,상삼경로당,전북특별자치도 정읍시 신태인중앙로 57-15,1996-03-15,2024-12-31
신태인읍,표천경로당,전북특별자치도 정읍시 표천길 30,1977-08-10,2024-12-31
신태인읍,태화경로당,전북특별자치도 정읍시 태화2길 6,1980-03-20,2024-12-31
신태인읍,남동노인정,전북특별자치도 정읍시 구사1길 17,1992-07-23,2024-12-31
신태인읍,신시경로당,전북특별자치도 정읍시 시장3길 8,2010-06-15,2024-12-31
신태인읍,인교동노인정,전북특별자치도 정읍시 인교2길 3,1992-10-26,2024-12-31
신태인읍,평화1동 경로당,전북특별자치도 정읍시 평천길 7-6,1988-12-31,2024-12-31
신태인읍,평화2동 경로당,전북특별자치도 정읍시 정신로 1187-11,1981-08-17,2024-12-31
신태인읍,금화경로당,전북특별자치도 정읍시 금화길 6-6,2007-01-25,2024-12-31
신태인읍,주공아파트경로당,전북특별자치도 정읍시 호남철로 32-13,2008-07-21,2024-12-31
신태인읍,노성경로당,전북특별자치도 정읍시 연정2길 3,1986-08-07,2024-12-31
신태인읍,요동(일노재)경로당,전북특별자치도 정읍시 요동길 40-7,2005-12-28,2024-12-31
신태인읍,동령경로당,전북특별자치도 정읍시 우령1길 7,1981-08-17,2024-12-31
신태인읍,우령경로당,전북특별자치도 정읍시 우령3길 19,2005-11-04,2024-12-31
신태인읍,우항경로당,전북특별자치도 정읍시 우항길 15,2003-11-26,2024-12-31
신태인읍,하신양경로당,전북특별자치도 정읍시 하신양2길 37,2006-12-05,2024-12-31
신태인읍,신흥경로당,전북특별자치도 정읍시 석지로 594,1995-01-19,2024-12-31
신태인읍,화전경로당,전북특별자치도 정읍시 화전1길 28,2013-01-09,2024-12-31
신태인읍,양괴경로당,전북특별자치도 정읍시 양괴2길 9,2002-11-16,2024-12-31
신태인읍,대신경로당,전북특별자치도 정읍시 대신1길 13-3,2013-01-04,2024-12-31
신태인읍,충효정경로당,전북특별자치도 정읍시 석지로 436,1979-10-10,2024-12-31
신태인읍,괴동경로당,전북특별자치도 정읍시 괴동1길 67,2009-08-27,2024-12-31
신태인읍,명금경로당,전북특별자치도 정읍시 산정2길 43-2,1998-03-27,2024-12-31
신태인읍,산정경로당,전북특별자치도 정읍시 신태인북길 489,2013-12-17,2024-12-31
신태인읍,육리경로당,전북특별자치도 정읍시 육리5길 11,1999-03-30,2024-12-31
신태인읍,청천경로당,전북특별자치도 정읍시 청천1길 3,1988-07-01,2024-12-31
신태인읍,신곡경로당,전북특별자치도 정읍시 신곡길 18,1996-02-03,2024-12-31
신태인읍,상서경로당,전북특별자치도 정읍시 신태인북길 257,2010-10-29,2024-12-31
신태인읍,덕신경로당,전북특별자치도 정읍시 육리1길 11,2001-09-14,2024-12-31
신태인읍,포룡경로당,전북특별자치도 정읍시 화호7길 27,1999-10-13,2024-12-31
신태인읍,용교경로당,전북특별자치도 정읍시 화호6길 13,1999-01-14,2024-12-31
신태인읍,용서경로당,전북특별자치도 정읍시 화호2길 12,1995-01-19,2024-12-31
신태인읍,정자경로당,전북특별자치도 정읍시 화호9길 6,1986-09-26,2024-12-31
신태인읍,장수경로당,전북특별자치도 정읍시 장수길 23,2018-04-13,2024-12-31
신태인읍,서지노휴제,전북특별자치도 정읍시 서지길9-7,2021-06-16,2024-12-31
북면,하유경로당,전북특별자치도 정읍시 북면 상하유길 36,1999-10-13,2024-12-31
북면,관동경로당,전북특별자치도 정읍시 북면 보림1길 387,2004-10-28,2024-12-31
북면,가정경로당,전북특별자치도 정읍시 북면 보림2길 20,1998-01-05,2024-12-31
북면,마태경로당,전북특별자치도 정읍시 북면 마태길 29,2002-02-02,2024-12-31
북면,월천경로당,전북특별자치도 정읍시 북면 월천2길 7,1990-12-11,2024-12-31
북면,오류경로당,전북특별자치도 정읍시 북면 원오류길 62-10,1993-03-04,2024-12-31
북면,연지경로당,전북특별자치도 정읍시 북면 연지길 24,2001-09-07,2024-12-31
북면,마정경로당,전북특별자치도 정읍시 북면 원마정2길 33,1996-02-16,2024-12-31
북면,평촌경로당,전북특별자치도 정읍시 북면 평촌2길 32,1998-01-05,2024-12-31
북면,태곡경로당,전북특별자치도 정읍시 북면 태곡길 32,2001-08-08,2024-12-31
북면,매곡경로당,전북특별자치도 정읍시 북면 매곡길 7,1997-01-16,2024-12-31
북면,신흥경로당,전북특별자치도 정읍시 북면 구평신흥길 212,1986-06-24,2024-12-31
북면,북면노휴제,전북특별자치도 정읍시 북면 원한교3길 16,1987-11-18,2024-12-31
북면,한교경로당,전북특별자치도 정읍시 북면 원한교2길 28,1999-02-23,2024-12-31
북면,구평경로당,전북특별자치도 정읍시 북면 구평2길 19,1996-02-16,2024-12-31
북면,신촌경로당,전북특별자치도 정읍시 북면 북신촌2길 13,1999-02-23,2024-12-31
북면,사거리경로당,전북특별자치도 정읍시 북면 사거리길 18,2001-11-20,2024-12-31
북면,학동경로당,전북특별자치도 정읍시 북면 학동2길 5,1983-07-20,2024-12-31
북면,장재경로당,전북특별자치도 정읍시 북면 장학1길 73-1,1988-02-26,2024-12-31
북면,신평경로당,전북특별자치도 정읍시 북면 동신2길 13,1990-12-11,2024-12-31
북면,신성경로당,전북특별자치도 정읍시 북면 화평길 209-19,2009-06-29,2024-12-31
북면,장구경로당,전북특별자치도 정읍시 북면 용북길 335,1988-02-24,2024-12-31
북면,탑성경로당,전북특별자치도 정읍시 북면 탑성길 1,1988-01-06,2024-12-31
북면,노송경로당,전북특별자치도 정읍시 북면 노송길 27-4,1998-12-04,2024-12-31
북면,원승부경로당,전북특별자치도 정읍시 북면 원승부2길 5,1997-01-13,2024-12-31
북면,금곡경로당 ,전북특별자치도 정읍시 북면 금곡길 34-19,2004-02-15,2024-12-31
북면,원화해경로당,전북특별자치도 정읍시 북면 원화해1길 7-4 ,1998-04-03,2024-12-31
북면,조동경로당,전북특별자치도 정읍시 북면 화해성지길 42-36 ,1988-01-06,2024-12-31
북면,가전경로당,전북특별자치도 정읍시 북면 가전길 115,1996-02-16,2024-12-31
북면,외야경로당,전북특별자치도 정읍시 북면 외야길 86-2,2000-03-23,2024-12-31
북면,성원경로당,전북특별자치도 정읍시 북면 칠북로 21-35,1998-01-05,2024-12-31
북면,성원3차경로당,전북특별자치도 정읍시 북면정읍북로631-26,2011-02-15,2024-12-31
북면,이문경로당,전북특별자치도 정읍시 북면 이문길 45,1979-05-10,2024-12-31
북면,원당경로당,전북특별자치도 정읍시 북면 원당길 52-4,1993-03-04,2024-12-31
북면,오산경로당,전북특별자치도 정읍시 북면 화해성지길 86,2001-01-07,2024-12-31
입암면,입암노휴제경로당,전북특별자치도 정읍시 입암면 정읍남로 473-6,1977-05-20,2024-12-31
입암면,천원동부경로당,전북특별자치도 정읍시 입암면 동부길 27,1999-12-31,2024-12-31
입암면,천원서부경로당,전북특별자치도 정읍시 입암면 천원아랫길 4,2004-02-15,2024-12-31
입암면,영안경로당,전북특별자치도 정읍시 입암면 영안길 25-3,2002-11-26,2024-12-31
입암면,옹암경로당,전북특별자치도 정읍시 입암면 옹암길 52,2012-01-30,2024-12-31
입암면,신월경로당,전북특별자치도 정읍시 입암면 정읍남로 294,1997-12-23,2024-12-31
입암면,반월경로당,전북특별자치도 정읍시 입암면 입암반월길 41,2002-07-29,2024-12-31
입암면,신등경로당,전북특별자치도 정읍시 입암면 신등길 18-4,1994-11-26,2024-12-31
입암면,원등경로당,전북특별자치도 정읍시 입암면 원등 2길 19,2001-02-19,2024-12-31
입암면,군령경로당,전북특별자치도 정읍시 입암면 군령교길 153,2004-02-25,2024-12-31
입암면,원하부경로당,전북특별자치도 정읍시 입암면 원하부길 30,1999-01-20,2024-12-31
입암면,상부경로당,전북특별자치도 정읍시 입암면 상부2길 4-4,2001-01-04,2024-12-31
입암면,만화경로당,전북특별자치도 정읍시 입암면 만신길 39,2001-12-26,2024-12-31
입암면,평암경로당,전북특별자치도 정읍시 입암면 하평길 52,2001-03-16,2024-12-31
입암면,가리대경로당,전북특별자치도 정읍시 입암면 가리대1길 56,2007-09-12,2024-12-31
입암면,원신면경로당,전북특별자치도 정읍시 입암면 신면2길 1,2005-08-18,2024-12-31
입암면,신면경로당,전북특별자치도 정읍시 입암면 면접길 208-1,1981-07-28,2024-12-31
입암면,구면경로당 ,전북특별자치도 정읍시 입암면 구면1길 14,2003-11-08,2024-12-31
입암면,진등경로당,전북특별자치도 정읍시 입암면 진등길 8-8,2001-01-04,2024-12-31
입암면,신기경로당,전북특별자치도 정읍시 입암면 입신길 97,2003-09-09,2024-12-31
입암면,선암경로당,전북특별자치도 정읍시 입암면 선암길 33,2004-10-01,2024-12-31
입암면,대흥부녀경로당,전북특별자치도 정읍시 입암면 접지중앙길62,1995-08-18,2024-12-31
입암면,접지서부경로당,전북특별자치도 정읍시 입암면 정읍남로 765-1,2001-03-16,2024-12-31
입암면,대흥통합경로당,전북특별자치도 정읍시 입암면 접지중앙길62,1980-10-10,2024-12-31
입암면,원접경로당,전북특별자치도 정읍시 입암면 원접길 64,2002-07-15,2024-12-31
입암면,제내경로당,전북특별자치도 정읍시 입암면 제내길 84,1997-12-23,2024-12-31
입암면,송정경로당,전북특별자치도 정읍시 입암면 송정길49,2002-08-02,2024-12-31
입암면,문화경로당,전북특별자치도 정읍시 입암면 문화1길3-13,2008-01-11,2024-12-31
입암면,신마석경로당,전북특별자치도 정읍시 입암면 신마석길 40,2001-08-16,2024-12-31
입암면,구마석경로당,전북특별자치도 정읍시 입암면 구마석길 78,2008-01-22,2024-12-31
입암면,지선경로당,전북특별자치도 정읍시 입암면 지선길 12,2014-03-26,2024-12-31
입암면,왕심경로당,전북특별자치도 정읍시 입암면 왕심2길 4,1998-09-28,2024-12-31
입암면,월천경로당,전북특별자치도 정읍시 입암면 단곡월천 16,2003-10-01,2024-12-31
입암면,양지경로당,전북특별자치도 정읍시 입암면 양지길 16-17,1999-12-11,2024-12-31
입암면,엄동경로당,전북특별자치도 정읍시 입암면 엄동길 20-4,2010-01-15,2024-12-31
입암면,차단경로당,전북특별자치도 정읍시 입암면 차단길 30-2,2004-10-01,2024-12-31
입암면,원봉양경로당,전북특별자치도 정읍시 입암면 봉양1길 31,2007-03-02,2024-12-31
입암면,봉양경로당,전북특별자치도 정읍시 입암면 봉양1길 54-4,1989-03-15,2024-12-31
입암면,안당경로당,전북특별자치도 정읍시 입암면 안당1길 18,1996-01-09,2024-12-31
입암면,문당경로당,전북특별자치도 정읍시 입암면 안당3길 35,2002-08-02,2024-12-31
소성면,소성향노제경로당,전북특별자치도 정읍시 소성면 보화1길 127-1,1978-05-10,2024-12-31
소성면,대성경로당,전북특별자치도 정읍시 소성면 대성길 84,2003-01-17,2024-12-31
소성면,보화경로당,전북특별자치도 정읍시 소성면 보화2길 34,2002-03-12,2024-12-31
소성면,와석노인회경로당,전북특별자치도 정읍시 소성면 와석2길 22,1998-08-31,2024-12-31
소성면,부안경로당,전북특별자치도 정읍시 소성면 부안1길 44-1,1998-04-03,2024-12-31
소성면,저동경로당,전북특별자치도 정읍시 소성면 저동길 156,2006-04-07,2024-12-31
소성면,춘수경로당,전북특별자치도 정읍시 소성면 춘수1길 45,2002-08-26,2024-12-31
소성면,신천경로당,전북특별자치도 정읍시 소성면 신천1길 65,2002-04-02,2024-12-31
소성면,원두경로당,전북특별자치도 정읍시 소성면 원두길 21,2001-12-26,2024-12-31
소성면,기린경로당,전북특별자치도 정읍시 소성면 기린길 6,2008-01-11,2024-12-31
소성면,한정경로당,전북특별자치도 정읍시 소성면 한정길 52-4,2008-01-15,2024-12-31
소성면,구룡경로당,전북특별자치도 정읍시 소성면 구룡길 5,1997-03-18,2024-12-31
소성면,산곡경로당,전북특별자치도 정읍시 소성면 산곡길 14,2004-01-17,2024-12-31
소성면,금동경로당,전북특별자치도 정읍시 소성면 금동길 99-4,2002-08-31,2024-12-31
소성면,소고경로당,전북특별자치도 정읍시 소성면 소고길 85,1997-09-23,2024-12-31
소성면,성고경로당,전북특별자치도 정읍시 소성면 성고길 47,2008-01-15,2024-12-31
소성면,주정경로당,전북특별자치도 정읍시 소성면 주정2길 38,2005-02-21,2024-12-31
소성면,재경경로당,전북특별자치도 정읍시 소성면 재경길 17,2003-10-10,2024-12-31
소성면,연천경로당,전북특별자치도 정읍시 소성면 연천2길 48-36,2001-08-25,2024-12-31
소성면,주동경로당,전북특별자치도 정읍시 소성면 주동2길 48,2003-01-14,2024-12-31
소성면,반월경로당,전북특별자치도 정읍시 소성면 반월1길 31-1,2005-02-16,2024-12-31
소성면,와룡경로당,전북특별자치도 정읍시 소성면 와룡길 8-2,2007-12-15,2024-12-31
소성면,등계경로당,전북특별자치도 정읍시 소성면 등계길 29-1,1997-11-22,2024-12-31
소성면,대동경로당,전북특별자치도 정읍시 소성면 대동3길 4,2007-08-22,2024-12-31
소성면,마동경로당,전북특별자치도 정읍시 소성면 등계마동길 54-2,2004-03-11,2024-12-31
소성면,원천경로당,전북특별자치도 정읍시 소성면 원천중앙길 32-6,1996-03-15,2024-12-31
소성면,광조경로당,전북특별자치도 정읍시 소성면 광조길 42-1,2009-02-05,2024-12-31
소성면,신광경로당,전북특별자치도 정읍시 소성면 광조길 18,2002-08-10,2024-12-31
소성면,작천경로당,전북특별자치도 정읍시 소성면 작천1길 19,2002-11-12,2024-12-31
소성면,광산경로당,전북특별자치도 정읍시 소성면 광산길 8,2008-07-22,2024-12-31
소성면,기정경로당,전북특별자치도 정읍시 소성면 기정길 1,2005-03-15,2024-12-31
소성면,용산경로당,전북특별자치도 정읍시 소성면 용산길 13,1999-11-02,2024-12-31
소성면,외동경로당,전북특별자치도 정읍시 소성면 외동길 115,2006-12-15,2024-12-31
소성면,모촌경로당,전북특별자치도 정읍시 소성면 애당모촌길 21,2001-01-07,2024-12-31
소성면,애당향노제,전북특별자치도 정읍시 소성면 애당길 29,1997-01-03,2024-12-31
소성면,두암경로당,전북특별자치도 정읍시 소성면 보애길 367,2005-09-22,2024-12-31
고부면,강고경로당,전북특별자치도 정읍시 고부면 강고길 25,1996-02-03,2024-12-31
고부면,관청경로당,전북특별자치도 정읍시 고부면 관청2길 89-12,2001-12-26,2024-12-31
고부면,교동경로당,전북특별자치도 정읍시 고부면 영주로 521-6,2005-03-24,2024-12-31
고부면,구중경로당,전북특별자치도 정읍시 고부면 구중길 13-1,1999-11-18,2024-12-31
고부면,남복경로당,전북특별자치도 정읍시 고부면 교동1길 23-4,1999-10-28,2024-12-31
고부면,남영경로당,전북특별자치도 정읍시 고부면 남영길 59-1,1997-01-01,2024-12-31
고부면,덕안경로당,전북특별자치도 정읍시 고부면 입고로 970,1991-10-07,2024-12-31
고부면,마정경로당,전북특별자치도 정읍시 고부면 마정길 28-4,1990-01-12,2024-12-31
고부면,만수경로당,전북특별자치도 정읍시 고부면 하만길 9,1978-08-10,2024-12-31
고부면,만화경로당,전북특별자치도 정읍시 고부면 만화길 79-5,2000-04-06,2024-12-31
고부면,반용경로당,전북특별자치도 정읍시 고부면 백운길 145-56,1980-10-19,2024-12-31
고부면,백운경로당,전북특별자치도 정읍시 고부면 백운길 25,1998-08-31,2024-12-31
고부면,상만부녀경로당,전북특별자치도 정읍시 고부면 상만2길 16-31,1992-02-13,2024-12-31
고부면,서당경로당,전북특별자치도 정읍시 고부면 만수길 166,2007-01-11,2024-12-31
고부면,성촌경로당,전북특별자치도 정읍시 고부면 입석6길 45-3,2012-06-29,2024-12-31
고부면,송곡경로당,전북특별자치도 정읍시 고부면 관청1길 10,2008-11-25,2024-12-31
고부면,신용1경로당,전북특별자치도 정읍시 고부면 신용1길 1,2007-12-10,2024-12-31
고부면,신용2경로당,전북특별자치도 정읍시 고부면 신용3길 10-5,1992-03-26,2024-12-31
고부면,신정경로당,전북특별자치도 정읍시 고부면 고신길 136-12,2000-12-27,2024-12-31
고부면,신중경로당,전북특별자치도 정읍시 고부면 덕신강길 115,1993-01-26,2024-12-31
고부면,신흥경로당,전북특별자치도 정읍시 고부면 신흥길 14-1,1982-02-15,2024-12-31
고부면,안영경로당,전북특별자치도 정읍시 고부면 안영길 39,2000-03-23,2024-12-31
고부면,앵곡경로당,전북특별자치도 정읍시 고부면 앵곡길 19,1991-03-21,2024-12-31
고부면,영주경로당,전북특별자치도 정읍시 고부면 교동2길 17,1980-12-12,2024-12-31
고부면,예천경로당,전북특별자치도 정읍시 고부면 입석2길 4-7,1986-12-17,2024-12-31
고부면,용등경로당,전북특별자치도 정읍시 고부면 용등길 21-16,1988-12-31,2024-12-31
고부면,용회경로당,전북특별자치도 정읍시 고부면 용회길 42,2010-10-29,2024-12-31
고부면,용흥경로당,전북특별자치도 정읍시 고부면 용흥길 57-8,2004-11-15,2024-12-31
고부면,운용경로당,전북특별자치도 정읍시 고부면 운용길 40-3,2002-09-27,2024-12-31
고부면,음지경로당,전북특별자치도 정읍시 고부면 태고로 42,2007-02-02,2024-12-31
고부면,입석여성경로당,전북특별자치도 정읍시 고부면 입석2길 2,2004-12-31,2024-12-31
고부면,작산경로당,전북특별자치도 정읍시 고부면 관청1길 147-20,2005-08-01,2024-12-31
고부면,장문경로당,전북특별자치도 정읍시 고부면 장문길 47,2002-09-27,2024-12-31
고부면,종암경로당,전북특별자치도 정읍시 고부면 종암길 50,1994-01-05,2024-12-31
고부면,주산경로당,전북특별자치도 정읍시 고부면 주산길 25,1996-02-03,2024-12-31
고부면,죽리경로당,전북특별자치도 정읍시 고부면 죽리길 12-1,2005-11-18,2024-12-31
고부면,진선경로당,전북특별자치도 정읍시 고부면 진선길 85,1994-12-22,2024-12-31
고부면,청용경로당,전북특별자치도 정읍시 고부면 관청길 9-29,2000-11-27,2024-12-31
고부면,칠정경로당,전북특별자치도 정읍시 고부면 칠정길 16,1999-02-23,2024-12-31
고부면,학정경로당,전북특별자치도 정읍시 고부면 해정학정길 167,2011-10-24,2024-12-31
고부면,해정경로당,전북특별자치도 정읍시 고부면 해정길 58-4,2010-10-20,2024-12-31
고부면,홍원경로당,전북특별자치도 정읍시 고부면 홍원길 18,2001-02-01,2024-12-31
영원면,장재경로당,전북특별자치도 정읍시 영원면 장재1길 60,1996-04-08,2024-12-31
영원면,신기경로당,전북특별자치도 정읍시 영원면 장재2길 27,2006-10-11,2024-12-31
영원면,합동경로당,전북특별자치도 정읍시 영원면 장재1길 3,1978-02-06,2024-12-31
영원면,백양새마을경로당,전북특별자치도 정읍시 영원면 백양1길 13,1997-12-12,2024-12-31
영원면,주촌경로당,전북특별자치도 정읍시 영원면 주촌길 32-2,2003-01-28,2024-12-31
영원면,청량경로당,전북특별자치도 정읍시 영원면 청량길 42,1995-10-05,2024-12-31
영원면,미전경로당,전북특별자치도 정읍시 영원면 영원북길 194-4,1999-12-23,2024-12-31
영원면,흔랑경로당,전북특별자치도 정읍시 영원면 앵성2길 26,1998-01-05,2024-12-31
영원면,앵성경로당,전북특별자치도 정읍시 영원면 앵성1길 55-4,1996-02-28,2024-12-31
영원면,수성경로당,전북특별자치도 정읍시 영원면 앵원수성길 15,1989-07-05,2024-12-31
영원면,신성경로당,전북특별자치도 정읍시 영원면 영원신성길 45,1999-12-23,2024-12-31
영원면,노교경로당,전북특별자치도 정읍시 영원면 구파로 99,2004-12-08,2024-12-31
영원면,금곡경로당,전북특별자치도 정읍시 영원면 금곡2길 13,1998-01-05,2024-12-31
영원면,영원경로당,전북특별자치도 정읍시 영원면 영원로 1090-3,1980-06-07,2024-12-31
영원면,태동경로당,전북특별자치도 정읍시 영원면 태동1길 5,1997-12-12,2024-12-31
영원면,운학경로당,전북특별자치도 정읍시 영원면 운학2길 8-2,1988-01-04,2024-12-31
영원면,갈선경로당,전북특별자치도 정읍시 영원면 갈선1길 19,1999-12-23,2024-12-31
영원면,탑립경로당,전북특별자치도 정읍시 영원면 탑립2길 9,2000-02-11,2024-12-31
영원면,은선경로당,전북특별자치도 정읍시 영원면 은선길 18-1,1997-10-04,2024-12-31
영원면,북풍경로당,전북특별자치도 정읍시 영원면 풍촌3길 13-39,2004-12-22,2024-12-31
영원면,풍촌경로당,전북특별자치도 정읍시 영원면 풍촌1길 14-3,1997-03-18,2024-12-31
영원면,풍양경로당,전북특별자치도 정읍시 영원면 풍양길 43,2000-02-11,2024-12-31
영원면,연지경로당,전북특별자치도 정읍시 영원면 풍월연지1길19-10,1986-10-16,2024-12-31
영원면,월현경로당,전북특별자치도 정읍시 영원면 월현길 25-7,2005-12-06,2024-12-31
영원면,풍월2구경로당,전북특별자치도 정읍시 영원면 부월길 186,1994-12-29,2024-12-31
영원면,신월경로당,전북특별자치도 정읍시 영원면 신월3길 30-8,2009-01-12,2024-12-31
영원면,월산경로당,전북특별자치도 정읍시 영원면 월산2길 81-4,2009-07-23,2024-12-31
영원면,경산경로당,전북특별자치도 정읍시 영원면 경산길 115,2003-10-20,2024-12-31
영원면,신영경로당,전북특별자치도 정읍시 영원면 발립길 50-16,1982-09-07,2024-12-31
영원면,효문경로당,전북특별자치도 정읍시 영원면 효문길 65,1997-01-13,2024-12-31
영원면,후지경로당,전북특별자치도 정읍시 영원면 영원로 873-1,2006-12-05,2024-12-31
영원면,성지경로당,전북특별자치도 정읍시 영원면 성지1길 22,1999-12-23,2024-12-31
덕천면,가정경로당,전북특별자치도 정읍시 덕천면 동학로681,2001-09-14,2024-12-31
덕천면,금계경로당,전북특별자치도 정읍시 덕천면 금계2길17-5,2003-12-22,2024-12-31
덕천면,내정경로당,전북특별자치도 정읍시 덕천면 내정4길17,1996-02-28,2024-12-31
덕천면,대죽경로당,전북특별자치도 정읍시 덕천면 천곡사지로 132,2000-12-08,2024-12-31
덕천면,덕천노휴제경로당,전북특별자치도 정읍시 덕천면 황토현로796,1981-09-06,2024-12-31
덕천면,도계경로당,전북특별자치도 정읍시 덕천면 도계1길12,1990-08-09,2024-12-31
덕천면,도학노휴제경로당,전북특별자치도 정읍시 덕천면 동학로643-1,1989-01-10,2024-12-31
덕천면,두지복지경로당,전북특별자치도 정읍시 덕천면 두지2길3-3,1993-04-09,2024-12-31
덕천면,만종경로당,전북특별자치도 정읍시 덕천면 만종길24,2000-09-25,2024-12-31
덕천면,산우경로당,전북특별자치도 정읍시 덕천면 산우2길 11,2002-08-28,2024-12-31
덕천면,삼봉경로당,전북특별자치도 정읍시 덕천면 삼봉1길52,1991-11-22,2024-12-31
덕천면,상학경로당,전북특별자치도 정읍시 덕천면 상학3길14,1997-03-04,2024-12-31
덕천면,신송경로당,전북특별자치도 정읍시 덕천면 신송길63,1999-10-13,2024-12-31
덕천면,신월경로당,전북특별자치도 정읍시 덕천면 신월길5,1998-10-01,2024-12-31
덕천면,용곡경로당,전북특별자치도 정읍시 덕천면 태고로707,1998-04-03,2024-12-31
덕천면,용두경로당,전북특별자치도 정읍시 덕천면 용두길10,2001-01-05,2024-12-31
덕천면,용전경로당,전북특별자치도 정읍시 덕천면 용전1길4,1998-08-31,2024-12-31
덕천면,장문경로당,전북특별자치도 정읍시 덕천면 장문1길49-2,1998-04-03,2024-12-31
덕천면,전림경로당,전북특별자치도 정읍시 덕천면 학전길19,1996-02-28,2024-12-31
덕천면,제야경로당,전북특별자치도 정읍시 덕천면 제야길16,1998-08-31,2024-12-31
덕천면,중하경로당,전북특별자치도 정읍시 덕천면 중하2길 22,2003-01-02,2024-12-31
덕천면,송산경로당,전북특별자치도 정읍시 덕천면 신월송산길 16,2021-07-12,2024-12-31
이평면,각목경로당,전북특별자치도 정읍시 이평면 각목길 14-7,2003-03-28,2024-12-31
이평면,국정경로당,전북특별자치도 정읍시 이평면 국정길 36-1,2004-11-04,2024-12-31
이평면,대독경로당,전북특별자치도 정읍시 이평면 대독길 11,1994-01-05,2024-12-31
이평면,대동경로당,전북특별자치도 정읍시 이평면 대동길 29,2000-02-11,2024-12-31
이평면,대량경로당,전북특별자치도 정읍시 이평면 대량길 20,2003-12-24,2024-12-31
이평면,도천경로당,전북특별자치도 정읍시 이평면 도천길 58,2009-10-19,2024-12-31
이평면,돈지경로당,전북특별자치도 정읍시 이평면 돈지길 13-5,2008-01-08,2024-12-31
이평면,두전경로당,전북특별자치도 정읍시 이평면 황전2길 4,1986-10-27,2024-12-31
이평면,마항정경로당,전북특별자치도 정읍시 이평면 답내길 9,1979-03-20,2024-12-31
이평면,목교경로당,전북특별자치도 정읍시 이평면 하송길 65,2009-07-13,2024-12-31
이평면,무릉경로당,전북특별자치도 정읍시 이평면말목장터길9-4,1982-10-15,2024-12-31
이평면,복지경로당,전북특별자치도 정읍시 이평면 말목장터로 514,1994-01-05,2024-12-31
이평면,산매경로당,전북특별자치도 정읍시 이평면 산매길 118-5,1997-12-23,2024-12-31
이평면,석전경로당,전북특별자치도 정읍시 이평면 요골길 60,2004-10-29,2024-12-31
이평면,석정경로당,전북특별자치도 정읍시 이평면 석정길 23,2009-02-10,2024-12-31
이평면,석지경로당,전북특별자치도 정읍시 이평면 돌못길 13,2000-12-16,2024-12-31
이평면,세곡경로당,전북특별자치도 정읍시 이평면 세곡길 21-4,2003-12-05,2024-12-31
이평면,소독경로당,전북특별자치도 정읍시 이평면 소독길 11,2002-07-02,2024-12-31
이평면,소송경로당,전북특별자치도 정읍시 이평면 소송길 13,2010-09-01,2024-12-31
이평면,서산경로당,전북특별자치도 정읍시 이평면 혁파길 79,1978-04-08,2024-12-31
이평면,신송경로당,전북특별자치도 정읍시 이평면 창서원길 59,2007-04-27,2024-12-31
이평면,신월경로당,전북특별자치도 정읍시 이평면 태평길 229-11,2009-11-20,2024-12-31
이평면,신일경로당,전북특별자치도 정읍시 이평면 오산2길 6,2000-01-15,2024-12-31
이평면,양지경로당,전북특별자치도 정읍시 이평면 오금양지길 63-1,2003-09-25,2024-12-31
이평면,연화경로당,전북특별자치도 정읍시 이평면 쌍배미길 23-5,2012-01-10,2024-12-31
이평면,예동경로당,전북특별자치도 정읍시 이평면 예동2길 12,2002-07-02,2024-12-31
이평면,오산경로당,전북특별자치도 정읍시 이평면 오산2길 153,1991-08-05,2024-12-31
이평면,오정경로당,전북특별자치도 정읍시 이평면 오정길 11-1,2010-03-03,2024-12-31
이평면,요서경로당,전북특별자치도 정읍시 이평면 요서길 23,2008-01-15,2024-12-31
이평면,용전경로당,전북특별자치도 정읍시 이평면 용전길 6,2004-01-13,2024-12-31
이평면,월산경로당,전북특별자치도 정읍시 이평면 월서길 44,2001-02-16,2024-12-31
이평면,정애경로당,전북특별자치도 정읍시 이평면 궁동길 245-4,1998-04-13,2024-12-31
이평면,조소경로당,전북특별자치도 정읍시 이평면 조소1길 9,2001-12-26,2024-12-31
이평면,주산경로당,전북특별자치도 정읍시 이평면 창동주산길 73,2002-12-18,2024-12-31
이평면,지지경로당,전북특별자치도 정읍시 이평면 지평길 34,2003-02-06,2024-12-31
이평면,창동경로당,전북특별자치도 정읍시 이평면 창동1길 10,1983-03-25,2024-12-31
이평면,창전경로당,전북특별자치도 정읍시 이평면 창전1길 24-5,2007-01-11,2024-12-31
이평면,궁월(청량)경로당,전북특별자치도 정읍시 이평면궁월길39-15,1988-02-22,2024-12-31
이평면,팔선경로당,전북특별자치도 정읍시 이평면 오팔하길 44,1999-10-13,2024-12-31
이평면,평령경로당,전북특별자치도 정읍시 이평면 평령1길 10-1,1986-11-19,2024-12-31
이평면,포룡경로당,전북특별자치도 정읍시 이평면 두전포룡길 30,2013-01-30,2024-12-31
이평면,하송경로당,전북특별자치도 정읍시 이평면 하송길 5,1995-04-08,2024-12-31
이평면,한수경로당,전북특별자치도 정읍시 이평면 한수길 25-10,2003-10-04,2024-12-31
이평면,현동경로당,전북특별자치도 정읍시 이평면 현동길 12,2003-11-28,2024-12-31
이평면,황전경로당,전북특별자치도 정읍시 이평면 황전1길 42,2003-02-06,2024-12-31
이평면,후송경로당,전북특별자치도 정읍시 이평면 후송길 52,2005-12-20,2024-12-31
정우면,정우경로당,전북특별자치도 정읍시 정우면 초강1길 9,1986-12-05,2024-12-31
정우면,금북경로당,전북특별자치도 정읍시 정우면 금북길 4-3,2003-02-18,2024-12-31
정우면,금남경로당,전북특별자치도 정읍시 정우면 금남길 15,1986-08-07,2024-12-31
정우면,월성경로당,전북특별자치도 정읍시 정우면 수금월성길 7,2000-09-28,2024-12-31
정우면,금창경로당,전북특별자치도 정읍시 정우면 정신로 644-3,1999-12-31,2024-12-31
정우면,산북경로당,전북특별자치도 정읍시 정우면 산북2길 21,1988-03-21,2024-12-31
정우면,삼산경로당,전북특별자치도 정읍시 정우삼산길 35-1,2008-08-19,2024-12-31
정우면,대정경로당,전북특별자치도 정읍시 정우면 대정 1길 27,1987-03-25,2024-12-31
정우면,신제경로당,전북특별자치도 정읍시 정우면 신제길 120,2010-10-26,2024-12-31
정우면,대동경로당,전북특별자치도 정읍시 정우면 대서1길 42,1980-03-05,2024-12-31
정우면,대서경로당,전북특별자치도 정읍시 정우면 대서1길 28,2009-09-17,2024-12-31
정우면,교촌경로당,전북특별자치도 정읍시 정우면 교촌1길 13,1991-02-22,2024-12-31
정우면,괴동경로당,전북특별자치도 정읍시 정우면 정괴동1길 19-1,1991-07-22,2024-12-31
정우면,정토경로당,전북특별자치도 정읍시 정우면 정토길 13,2003-01-10,2024-12-31
정우면,규촌경로당,전북특별자치도 정읍시 정우면 수회길 76-6,1998-09-03,2024-12-31
정우면,화천경로당,전북특별자치도 정읍시 정우면 화천1길 32-6,1987-02-21,2024-12-31
정우면,덕성경로당,전북특별자치도 정읍시 정우면 덕성길 15-1,1998-09-03,2024-12-31
정우면,덕촌경로당,전북특별자치도 정읍시 정우면 덕촌1길 52-2,1986-12-26,2024-12-31
정우면,송내경로당,전북특별자치도 정읍시 정우면 송내길 30-1,1988-12-31,2024-12-31
정우면,양지경로당,전북특별자치도 정읍시 정우면 양지1길 29,1988-01-06,2024-12-31
정우면,구성경로당,전북특별자치도 정읍시 정우면 구성길 5-4,1988-09-28,2024-12-31
정우면,외장경로당,전북특별자치도 정읍시 정우면 외장 1길 19,1997-10-04,2024-12-31
정우면,창납경로당,전북특별자치도 정읍시 정우면 초강4길 22-3,2005-03-04,2024-12-31
정우면,신창경로당,전북특별자치도 정읍시 정우면 정신로 596,2001-11-23,2024-12-31
정우면,천덕경로당,전북특별자치도 정읍시 정우면 태고로 1013-4,1978-03-01,2024-12-31
정우면,천두경로당,전북특별자치도 정읍시 정우면 초강6길 36,2009-10-19,2024-12-31
정우면,우산경로당,전북특별자치도 정읍시 정우면 우산길 27,2005-12-20,2024-12-31
정우면,송배경로당,전북특별자치도 정읍시 정우면 송배1길 46-4,2000-06-26,2024-12-31
정우면,서산경로당,전북특별자치도 정읍시 정우면 정우남로 77-1,1978-02-01,2024-12-31
정우면,망담경로당,전북특별자치도 정읍시 정우면 망담1길 10-2,1992-12-22,2024-12-31
정우면,대산경로당,전북특별자치도 정읍시 정우면 대산1길 60-1,1997-07-24,2024-12-31
정우면,남산경로당,전북특별자치도 정읍시 정우면 정우남산길 39-4,1997-07-24,2024-12-31
정우면,성동경로당,전북특별자치도 정읍시 정우면 성동길 21-6,2000-01-27,2024-12-31
정우면,내기경로당,전북특별자치도 정읍시 정우면 내기길 31-2,2003-09-19,2024-12-31
정우면,도찬경로당,전북특별자치도 정읍시 정우면 도찬길 35,2003-09-30,2024-12-31
태인면,강삼경로당,전북특별자치도 정읍시  태인면 강삼2길 11-21,1998-01-05,2024-12-31
태인면,과학경로당,전북특별자치도 정읍시  태인면 과학길 11-2,2000-09-22,2024-12-31
태인면,관동경로당,전북특별자치도 정읍시  태인면 관동길 16,2005-12-30,2024-12-31
태인면,샘들내경로당,전북특별자치도 정읍시  태인면 태용신길29(샘들내@,2002-10-25,2024-12-31
태인면,기지내경로당,전북특별자치도 정읍시  태인면 기지내길 3,1996-03-15,2024-12-31
태인면,낙양경로당,전북특별자치도 정읍시  태인면 원낙양2길 25,1987-02-12,2024-12-31
태인면,내이경로당,전북특별자치도 정읍시  태인면 낙양길 43,2002-07-02,2024-12-31
태인면,녹동경로당,전북특별자치도 정읍시  태인면 녹동길 46,2007-12-21,2024-12-31
태인면,덕두경로당,전북특별자치도 정읍시  태인면 덕두2길 11-9,1998-01-05,2024-12-31
태인면,독양경로당,전북특별자치도 정읍시  태인면 외칠길 18,2004-01-02,2024-12-31
태인면,매계수양재,전북특별자치도 정읍시  태인면 중산길 15-11,1979-10-01,2024-12-31
태인면,문화경로당,전북특별자치도 정읍시  태인면 개멀길 10,2001-12-13,2024-12-31
태인면,박동경로당,전북특별자치도 정읍시  태인면 박동1길 21,2001-12-13,2024-12-31
태인면,박서경로회,전북특별자치도 정읍시  태인면 박서2길 8-4,1999-09-16,2024-12-31
태인면,북부노휴제,전북특별자치도 정읍시  태인면 석지로 1141,1979-10-30,2024-12-31
태인면,분동경로당,전북특별자치도 정읍시  태인면 분동길 39,1994-11-01,2024-12-31
태인면,사리경로당,전북특별자치도 정읍시  태인면 독립길 31,2006-01-04,2024-12-31
태인면,삼리경로당,전북특별자치도 정읍시  태인면 태흥2길 24-2,2006-12-27,2024-12-31
태인면,상동구경로당,전북특별자치도 정읍시  태인면 상동구길 5,1999-10-28,2024-12-31
태인면,상산경로당,전북특별자치도 정읍시  태인면 상산길 18-1,2003-09-09,2024-12-31
태인면,상증경로당,전북특별자치도 정읍시  태인면 상증길 25,2009-05-21,2024-12-31
태인면,서재경로당,전북특별자치도 정읍시  태인면 분서길 123,2001-12-13,2024-12-31
태인면,시기경로당,전북특별자치도 정읍시  태인면 태시기길 29-1,1998-03-27,2024-12-31
태인면,신기경로당,전북특별자치도 정읍시  태인면 거산신기1길 103,1998-01-05,2024-12-31
태인면,여속경로당,전북특별자치도 정읍시  태인면 여속길 62,2007-12-14,2024-12-31
태인면,오리경로당,전북특별자치도 정읍시  태인면 태거길 19,1996-06-13,2024-12-31
태인면,옥하경로당,전북특별자치도 정읍시  태인면 수학정석길 4-11,2009-03-11,2024-12-31
태인면,왕림경로당,전북특별자치도 정읍시  태인면 왕림길 132-8,2004-11-05,2024-12-31
태인면,외이경로당,전북특별자치도 정읍시  태인면 낙양길 92,2004-01-02,2024-12-31
태인면,원거산경로당,전북특별자치도 정읍시  태인면 태거길 59,2001-01-05,2024-12-31
태인면,원고천경로당,전북특별자치도 정읍시  태인면 원고천1길 148,2005-12-14,2024-12-31
태인면,원궁사경로당,전북특별자치도 정읍시  태인면 원궁사1길 13,2004-01-02,2024-12-31
태인면,원오봉경로당,전북특별자치도 정읍시  태인면 원오봉길 16-2,1996-07-31,2024-12-31
태인면,육리경로당,전북특별자치도 정읍시  태인면 창흥2길 4-9,2013-05-20,2024-12-31
태인면,장재경로당,전북특별자치도 정읍시  태인면 장재길 30,1996-12-06,2024-12-31
태인면,점촌경로당,전북특별자치도 정읍시  태인면 점촌길 56,2014-01-07,2024-12-31
태인면,주산경로당,전북특별자치도 정읍시  태인면 주산길 12,2002-06-17,2024-12-31
태인면,중산경로당,전북특별자치도 정읍시  태인면 중산길 15-4,2009-07-21,2024-12-31
태인면,중앙경로당,전북특별자치도 정읍시  태인면 향교1길 7,1979-03-12,2024-12-31
태인면,천신경로당,전북특별자치도 정읍시  태인면 천신길 100-5,2002-08-31,2024-12-31
태인면,청석경로당,전북특별자치도 정읍시  태인면 천신길 60,1999-03-30,2024-12-31
태인면,청학경로당,전북특별자치도 정읍시  태인면 청학길 13,1999-02-06,2024-12-31
태인면,칠리경로당,전북특별자치도 정읍시  태인면 칠리길 18,2007-01-02,2024-12-31
태인면,태산경로당,전북특별자치도 정읍시  태인면 태산로 2942-1,1999-11-02,2024-12-31
태인면,태인노휴제,전북특별자치도 정읍시  태인면 태인로 83,1979-03-21,2024-12-31
태인면,하동구경로당,전북특별자치도 정읍시  태인면 하동구길 8,1999-01-11,2024-12-31
태인면,하산경로당,전북특별자치도 정읍시  태인면 하산길 22-1,2002-02-07,2024-12-31
태인면,하증경로당,전북특별자치도 정읍시  태인면 하증2길 39,1997-01-03,2024-12-31
태인면,향교경로당,전북특별자치도 정읍시  태인면 정읍북로 1270,1997-03-18,2024-12-31
감곡면,감곡양수제,전북특별자치도 정읍시 감곡면 원삼1길 42-9,1978-05-05,2024-12-31
감곡면,횡룡경로당,전북특별자치도 정읍시 감곡면 횡룡길 34-17,2000-08-17,2024-12-31
감곡면,동곡경로당,전북특별자치도 정읍시 감곡면 동곡길 52,1993-03-04,2024-12-31
감곡면,오공경로당,전북특별자치도 정읍시 감곡면 오공3길 4,1997-08-22,2024-12-31
감곡면,학당경로당,전북특별자치도 정읍시 감곡면 학당길 26-8,2017-01-19,2024-12-31
감곡면,석점경로당,전북특별자치도 정읍시 감곡면 석점1길 43-8,2009-10-14,2024-12-31
감곡면,진농경로당,전북특별자치도 정읍시 감곡로 288,2009-08-07,2024-12-31
감곡면,진산경로당,전북특별자치도 정읍시 감곡면 감곡진산1길 20,2003-10-09,2024-12-31
감곡면,진교경로당,전북특별자치도 정읍시 감곡면 진교1길 64,2002-02-02,2024-12-31
감곡면,진흥양수제(소제),전북특별자치도 정읍시 감곡면 소제2길 4,1994-02-08,2024-12-31
감곡면,산지경로당,전북특별자치도 정읍시 감곡면 산지2길 51-1,2009-10-07,2024-12-31
감곡면,녹촌경로당,전북특별자치도 정읍시 감곡면 녹촌길 52,2010-08-13,2024-12-31
감곡면,풍촌경로당,전북특별자치도 정읍시 감곡면 풍촌길 64,1998-12-04,2024-12-31
감곡면,유치경로당,전북특별자치도 정읍시 감곡면 유치1길 15,1996-09-10,2024-12-31
감곡면,천촌경로당,전북특별자치도 정읍시 감곡면 천촌길 121,2002-12-18,2024-12-31
감곡면,석정경로당,전북특별자치도 정읍시 감곡면 석정 1길 67,2001-03-08,2024-12-31
감곡면,순촌경로당,전북특별자치도 정읍시 감곡면 순촌1길 43-1,2007-12-10,2024-12-31
감곡면,통석함락정(과반),전북특별자치도 정읍시 감곡면 백산감산로 687,1986-12-09,2024-12-31
감곡면,녹동경로당,전북특별자치도 정읍시 감곡면 녹동1길 49,1998-08-31,2024-12-31
감곡면,통사경로당,전북특별자치도 정읍시 감곡면 통사2길25,2016-01-25,2024-12-31
감곡면,반룡경로당,전북특별자치도 정읍시 감곡면 반룡2길 17,1998-04-03,2024-12-31
감곡면,장무경로당,전북특별자치도 정읍시 감곡면 장무길 66,2004-12-29,2024-12-31
감곡면,관봉경로당,전북특별자치도 정읍시 감곡면 관봉1길 23,1997-12-23,2024-12-31
감곡면,계봉경로당,전북특별자치도 정읍시 감곡면 계봉길 46-5,2002-02-27,2024-12-31
감곡면, 천곡경로당,전북특별자치도 정읍시 감곡면 천곡길 29,2000-02-11,2024-12-31
감곡면,화삼경로당,전북특별자치도 정읍시 감곡면 화삼길 58,1989-01-26,2024-12-31
감곡면,감산경로당,전북특별자치도 정읍시 감곡면 감곡로 709-5,2010-09-06,2024-12-31
감곡면,옥신경로당,전북특별자치도 정읍시 감곡면 옥학길 103-5,1978-12-15,2024-12-31
감곡면,유수경로당,전북특별자치도 정읍시 감곡면 유수길 22-3,2007-08-10,2024-12-31
감곡면,정가경로당,전북특별자치도 정읍시 감곡면 정가2길 20-4,1983-11-10,2024-12-31
감곡면,학일경로당,전북특별자치도 정읍시 감곡면 학일길 10,2006-12-21,2024-12-31
감곡면,학성경로당,전북특별자치도 정읍시 감곡면 학이길 8,1995-12-05,2024-12-31
감곡면,학두경로당,전북특별자치도 정읍시 감곡면 학두길 19,1996-10-01,2024-12-31
감곡면,상평경로당,전북특별자치도 정읍시 감곡면 상평길 9,2010-12-28,2024-12-31
감곡면,신평경로당,전북특별자치도 정읍시 감곡면 신평길 57-4,2011-03-08,2024-12-31
감곡면,중평경로당,전북특별자치도 정읍시 감곡면 중평길 72,1997-07-24,2024-12-31
감곡면,하평경로당,전북특별자치도 정읍시 감곡면 하평2길 7,1989-01-19,2024-12-31
감곡면,송학노휴제(상하송),전북특별자치도 정읍시 감곡면 용승길 124,1981-04-20,2024-12-31
감곡면,회암경로당,전북특별자치도 정읍시 감곡면 용승길 85,1996-09-17,2024-12-31
감곡면,모산경로당,전북특별자치도 정읍시 감곡면 모산2길 11,1996-10-01,2024-12-31
감곡면,승북경로당,전북특별자치도 정읍시 감곡면 승북길 39-3,1996-02-03,2024-12-31
감곡면,승산경로당,전북특별자치도 정읍시 감곡면 승산길 12,1987-02-18,2024-12-31
감곡면,중남경로당,전북특별자치도 정읍시 감곡면 승방길 51,2002-02-02,2024-12-31
감곡면,방남경로당,전북특별자치도 정읍시 감곡면 방남1길 12-1,2016-06-30,2024-12-31
감곡면,양오경로당,전북특별자치도 정읍시 감곡면 오주길 84,1997-12-23,2024-12-31
감곡면,용오경로당,전북특별자치도 정읍시 감곡면 용오길 32,2001-02-01,2024-12-31
감곡면,장촌경로당,전북특별자치도 정읍시 감곡면 장촌길 9-10,1998-09-08,2024-12-31
감곡면,감곡경로당,전북특별자치도 정읍시 감곡면  감곡로 430,2021-06-10,2024-12-31
옹동면,수암경로당,전북특별자치도 정읍시  옹동면 수암길 3,2004-01-17,2024-12-31
옹동면,두곡경로당,전북특별자치도 정읍시  옹동면 두곡길 13-20 ,2002-08-17,2024-12-31
옹동면,산성경로당,전북특별자치도 정읍시  옹동면 산성길 13 ,1996-12-07,2024-12-31
옹동면,칠전경로당,전북특별자치도 정읍시  옹동면 대칠길 15 ,2000-09-14,2024-12-31
옹동면,삼리경로당,전북특별자치도 정읍시  옹동면 삼리1길 21,1998-12-22,2024-12-31
옹동면,내동경로당,전북특별자치도 정읍시  옹동면 내동2길 1-3 ,1997-12-12,2024-12-31
옹동면,척천경로당,전북특별자치도 정읍시  옹동면 옹지동촌로 59 ,2001-08-25,2024-12-31
옹동면,정동경로당,전북특별자치도 정읍시  옹동면 정동길 3 ,1999-12-20,2024-12-31
옹동면,매당경로당,전북특별자치도 정읍시  옹동면 매당1길 39-1 ,1998-03-27,2024-12-31
옹동면,옹동노휴제,전북특별자치도 정읍시  옹동면 매석길 8-6,1976-08-17,2024-12-31
옹동면,칠석경로당,전북특별자치도 정읍시  옹동면 칠석1길 38 ,1999-12-23,2024-12-31
옹동면,시목경로당,전북특별자치도 정읍시  옹동면 시목길 30,1999-06-15,2024-12-31
옹동면,성칠경로당,전북특별자치도 정읍시  옹동면 성칠1길 25-3 ,2003-01-22,2024-12-31
옹동면,외칠경로당,전북특별자치도 정읍시  옹동면 외칠길 102 ,2002-11-02,2024-12-31
옹동면,내칠경로당,전북특별자치도 정읍시  옹동면 내칠길 16 ,2004-11-16,2024-12-31
옹동면,농원경로당,전북특별자치도 정읍시  옹동면 칠석농원1길 9 ,2002-12-26,2024-12-31
옹동면,두립경로당,전북특별자치도 정읍시  옹동면 두립길 173,1999-06-15,2024-12-31
옹동면,제내경로당,전북특별자치도 정읍시  옹동면 오성길 55 ,1997-02-19,2024-12-31
옹동면,일리경로당,전북특별자치도 정읍시  옹동면 일리1길 6 ,1998-12-22,2024-12-31
옹동면,작소경로당,전북특별자치도 정읍시  옹동면 작소1길110-17 ,2001-08-25,2024-12-31
옹동면,용호경로당,전북특별자치도 정읍시  옹동면 옹동용호길 36 ,2003-11-13,2024-12-31
옹동면,용이경로당,전북특별자치도 정읍시  옹동면 용이길 45 ,1999-07-17,2024-12-31
옹동면,용상경로당,전북특별자치도 정읍시  옹동면 상산2길 16-6 ,1990-10-11,2024-12-31
옹동면,송월경로당,전북특별자치도 정읍시  옹동면 송월길 45 ,2009-07-17,2024-12-31
옹동면,행정경로당,전북특별자치도 정읍시  옹동면 산성행정길9,2009-09-19,2024-12-31
옹동면,저상경로당,전북특별자치도 정읍시  옹동면 저상길 5,2017-02-17,2024-12-31
옹동면,신기경로당,전북특별자치도 정읍시 옹동면 옹동신성길 20,2020-01-15,2024-12-31
칠보면,축촌경로당,전북특별자치도 정읍시 칠보면 축촌길 71,2003-06-04,2024-12-31
칠보면,신기경로당,전북특별자치도 정읍시 칠보면 신기길 67,2001-06-28,2024-12-31
칠보면,백암재경로당,전북특별자치도 정읍시 칠보면 원백암1길 39,1984-03-03,2024-12-31
칠보면,상일경로당,전북특별자치도 정읍시 칠보면 상일길 45,1991-11-22,2024-12-31
칠보면,중일경로당,전북특별자치도 정읍시 칠보면 백암길 45-10,1998-10-09,2024-12-31
칠보면,흥이경로당,전북특별자치도 정읍시 칠보면 백암길 77,2002-02-21,2024-12-31
칠보면,흥삼경로당,전북특별자치도 정읍시 칠보면 백암길 92-5,1999-01-11,2024-12-31
칠보면,보암제경로당,전북특별자치도 정읍시 칠보면 백암길 105,1978-02-18,2024-12-31
칠보면,묵동경로당,전북특별자치도 정읍시 칠보면 먹골길 25,2002-01-18,2024-12-31
칠보면,신흥경로당,전북특별자치도 정읍시 칠보면 신흥중앙로 143-8,2013-04-04,2024-12-31
칠보면,은석경로당,전북특별자치도 정읍시 칠보면 은석길 37,1999-01-11,2024-12-31
칠보면,원노당경로당,전북특별자치도 정읍시 칠보면 원촌1길 34,1993-01-04,2024-12-31
칠보면,도산경로당,전북특별자치도 정읍시 칠보면 도산2길 37,2002-03-05,2024-12-31
칠보면,검단경로당,전북특별자치도 정읍시 칠보면 검단1길 67,1992-12-30,2024-12-31
칠보면,행단제경로당,전북특별자치도 정읍시 칠보면 행단3길 23,1984-05-08,2024-12-31
칠보면,복호경로당,전북특별자치도 정읍시 칠보면 복호2길 13,1994-12-29,2024-12-31
칠보면,시기경로당,전북특별자치도 정읍시 칠보면 칠보중앙로 53,2007-12-14,2024-12-31
칠보면,건흥경로당,전북특별자치도 정읍시 칠보면 건흥2길 14-6,2006-01-18,2024-12-31
칠보면,송산경로당,전북특별자치도 정읍시 칠보면 송산1길 22,1996-11-19,2024-12-31
칠보면,중앙노소제경로당,전북특별자치도 정읍시 칠보면 칠보산로 1486-12,1978-04-01,2024-12-31
칠보면,동편경로당,전북특별자치도 정읍시 칠보면 동편길 21-9,1997-07-24,2024-12-31
칠보면,남전경로당,전북특별자치도 정읍시 칠보면 남전길 34-17,1996-01-09,2024-12-31
칠보면,세류경로당,전북특별자치도 정읍시 칠보면 세류길 37-5,2004-12-29,2024-12-31
칠보면,원반경로당,전북특별자치도 정읍시 칠보면 반곡리 492,2002-01-12,2024-12-31
칠보면,석탄경로당,전북특별자치도 정읍시 칠보면 석탄길 25,1998-09-03,2024-12-31
칠보면,동막경로당,전북특별자치도 정읍시 칠보면 동막길 49-27,2002-03-05,2024-12-31
칠보면,여옥경로당,전북특별자치도 정읍시 칠보면 여옥길 31-3,2002-02-21,2024-12-31
칠보면,벌수경로당,전북특별자치도 정읍시 칠보면 벌수1길 39,1998-04-03,2024-12-31
산내면,황학경로당,전북특별자치도 정읍시 산내면 황토길 46,1987-08-26,2024-12-31
산내면,종성경로당,전북특별자치도 정읍시 산내면 산호수길3,1987-02-23,2024-12-31
산내면,사승경로당,전북특별자치도 정읍시 산내면 사승 2길1,1986-08-07,2024-12-31
산내면,종암경로당,전북특별자치도 정읍시 산내면 수침동길 43-17,1984-12-12,2024-12-31
산내면,평천경로당,전북특별자치도 정읍시 산내면 장금리 721-2,1987-02-25,2024-12-31
산내면,백금경로당,전북특별자치도 정읍시 산내면 백금길 188,2000-09-22,2024-12-31
산내면,매대경로당,전북특별자치도 정읍시 산내면 매대길 91,2001-09-13,2024-12-31
산내면,중리경로당,전북특별자치도 정읍시 산내면 진상골길188,2000-01-27,2024-12-31
산내면,사내경로당,전북특별자치도 정읍시 산내면 사내길39,2001-12-13,2024-12-31
산내면,봉화대경로당,전북특별자치도 정읍시 산내면 청정로1218,2006-01-03,2024-12-31
산내면,산내경로당,전북특별자치도 정읍시 산내면 능교2길 29,1980-03-15,2024-12-31
산내면,허궁실경로당,전북특별자치도 정읍시 산내면 허궁실1길 102,2001-01-04,2024-12-31
산내면,구복경로당,전북특별자치도 정읍시 산내면 구복길 13-3,2001-01-17,2024-12-31
산내면,신기경로당,전북특별자치도 정읍시 산내면 태산로1640,1998-12-04,2024-12-31
산내면,용암경로당,전북특별자치도 정읍시 산매면 용암길 95-33,2003-11-04,2024-12-31
산내면,상례경로당,전북특별자치도 정읍시 산내면 상례길16,1987-06-26,2024-12-31
산내면,하례경로당,전북특별자치도 정읍시 산내면 하례길 91-22,1986-12-29,2024-12-31
산내면,홍문경로당,전북특별자치도 정읍시 산내면 청정로1567,1987-12-22,2024-12-31
산내면,사교경로당,전북특별자치도 정읍시 산내면 사교2길 11-8,1996-12-07,2024-12-31
산내면,두월경로당,전북특별자치도 정읍시 산내면 두월상두길 45,1994-01-05,2024-12-31
산내면,자연동경로당,전북특별자치도 정읍시 산내면 산내로 397,1998-01-05,2024-12-31
산내면,방성동경로당,전북특별자치도 정읍시 산내면 방성길 24,1999-01-07,2024-12-31
산내면,이화동경로당,전북특별자치도 정읍시 산내면 이화동길 125,2016-10-12,2024-12-31
산외면,수성제경로당,전북특별자치도 정읍시 산외면 산외로 474-1,1981-10-05,2024-12-31
산외면,엄계경로당,전북특별자치도 정읍시 산외며 엄계길 6,1995-09-18,2024-12-31
산외면,죽동경로당,전북특별자치도 정읍시 산외면 죽동길 109,2009-10-06,2024-12-31
산외면,화정경로당,전북특별자치도 정읍시 산외면 화정2길 5,1999-01-31,2024-12-31
산외면,사가경로당,전북특별자치도 정읍시 산외면 화죽길 13,2002-07-29,2024-12-31
산외면,구장경로당,전북특별자치도 정읍시 산외면 상두1길 388,2002-11-12,2024-12-31
산외면,만병경로당,전북특별자치도 정읍시 산외면 만병길 32,2000-03-23,2024-12-31
산외면,동진경로당,전북특별자치도 정읍시 산외면 참시내1길 6,1997-01-03,2024-12-31
산외면,서진경로당,전북특별자치도 정읍시 산외면 참시내2길13-18,2009-01-29,2024-12-31
산외면,상두경로당,전북특별자치도 정읍시 산외면 상두3길 11-1,2002-12-10,2024-12-31
산외면,원정경로당,전북특별자치도 정읍시 산외면 원정1길 73,1996-02-28,2024-12-31
산외면,상용경로당,전북특별자치도 정읍시 산외면 상용길 45-1,2009-01-14,2024-12-31
산외면,도원경로당,전북특별자치도 정읍시 산외면 도원1길 47,1998-03-27,2024-12-31
산외면,내능경로당,전북특별자치도 정읍시 산외면 내능길 34-1,2004-12-28,2024-12-31
산외면,외능경로당,전북특별자치도 정읍시 산외면 외능길 12,2011-11-03,2024-12-31
산외면,민하경로당,전북특별자치도 정읍시 산외면 종운로 157,2006-02-22,2024-12-31
산외면,안계경로당,전북특별자치도 정읍시 산외면 안계길 41-8,2006-01-24,2024-12-31
산외면,노은경로당,전북특별자치도 정읍시 산외면 평사3길 45-2,1995-09-18,2024-12-31
산외면,운전경로당,전북특별자치도 정읍시 산외면 운전2길 19,1997-01-03,2024-12-31
산외면,평사경로당,전북특별자치도 정읍시 산외면 평사2길 11-20,1999-12-06,2024-12-31
산외면,신촌경로당,전북특별자치도 정읍시 산외면 신촌2길 32,2003-11-28,2024-12-31
산외면,용두경로당,전북특별자치도 정읍시 산외면 산외로 453-2,2003-02-07,2024-12-31
산외면,동곡경로당,전북특별자치도 정읍시 산외면 동곡1길 38,1995-09-18,2024-12-31
산외면,지금경로당,전북특별자치도 정읍시 산외면 상산로 816,2003-11-28,2024-12-31
산외면,야정경로당,전북특별자치도 정읍시 산외면 빗재로 367-8,1999-12-31,2024-12-31
산외면,신배경로당,전북특별자치도 정읍시 산외면 신배길 39,1999-12-06,2024-12-31
산외면,쌍정경로당,전북특별자치도 정읍시 산외면 신암길 11,1999-12-06,2024-12-31
산외면,이치경로당,전북특별자치도 정읍시 산외면 이치길 60,2000-03-23,2024-12-31
산외면,내목경로당,전북특별자치도 정읍시 산외면 내목2길 2-1,2002-07-29,2024-12-31
산외면,외목경로당,전북특별자치도 정읍시 산외면 외목길 7,2002-07-29,2024-12-31
산외면,종산1경로당,전북특별자치도 정읍시 산외면 원종산길 11,1998-03-31,2024-12-31
산외면,종산2경로당,전북특별자치도 정읍시 산외면 원바실길 6-9,2002-09-30,2024-12-31
산외면,여우치경로당,전북특별자치도 정읍시 산외면 여우치길 115,2007-12-14,2024-12-31
산외면,공동경로당,전북특별자치도 정읍시 공동길 48,2020-03-21,2024-12-31
수성동,구미경로당,전북특별자치도 정읍시 구미길 79,1998-12-29,2024-12-31
수성동,국악경로당,전북특별자치도 정읍시 성황산1길 12-18,1995-12-13,2024-12-31
수성동,군대경로당,전북특별자치도 정읍시 군대길 89-1,1990-12-01,2024-12-31
수성동,기우경로당,전북특별자치도 정읍시 서성길 15 2층,2005-10-20,2024-12-31
수성동,마곡경로당,전북특별자치도 정읍시 수성5로 65-11,2002-06-17,2024-12-31
수성동,박동경로당,전북특별자치도 정읍시 박동길 29,2005-12-29,2024-12-31
수성동,부영1차경로당,전북특별자치도 정읍시 수성택지2길 17,2000-11-01,2024-12-31
수성동,부영2차경로당,전북특별자치도 정읍시 샘골로 158,2002-08-10,2024-12-31
수성동,선은경로당,전북특별자치도 정읍시 선은본길 112,1999-11-22,2024-12-31
수성동,신선경로당,전북특별자치도 정읍시 수성1로 30-30,2009-03-17,2024-12-31
수성동,오정경로당,전북특별자치도 정읍시 하북2길 26,1992-12-31,2024-12-31
수성동,용흥경로당,전북특별자치도 정읍시 하북1길 187,2000-11-01,2024-12-31
수성동,제일경로당,전북특별자치도 정읍시 수성3로 26,1996-02-08,2024-12-31
수성동,주공1차경로당,전북특별자치도 정읍시 수성2로 13-12,1996-02-08,2024-12-31
수성동,주공1차(여)경로당,전북특별자치도 정읍시 수성2로 13-12,1998-12-01,2024-12-31
수성동,주공2차경로당,전북특별자치도 정읍시 수성2로 13-11,1995-12-23,2024-12-31
수성동,주공3차경로당,전북특별자치도 정읍시 수성3로 9,2001-05-02,2024-12-31
수성동,중앙경로당,전북특별자치도 정읍시 성황산1길 12-20,1990-01-06,2024-12-31
수성동,충무경로당,전북특별자치도 정읍시 충정로 228-31,2009-01-06,2024-12-31
수성동,충정경로당,전북특별자치도 정읍시 충정로 253-21,2012-03-13,2024-12-31
장명동,구량경로당,전북특별자치도 정읍시 구량1길 113,1990-01-06,2024-12-31
장명동,용호경로당,전북특별자치도 정읍시 용호길 22,1996-10-21,2024-12-31
장명동,동부경로당,전북특별자치도 정읍시 입석남길 45-26,1990-01-06,2024-12-31
장명동,매기경로당,전북특별자치도 정읍시 매기길 45,2001-11-15,2024-12-31
장명동,신용호경로당,전북특별자치도 정읍시 쇠죽동길 9,2009-08-24,2024-12-31
장명동,영창파크타운경로당,전북특별자치도 정읍시 말고개길 73-5,2007-09-13,2024-12-31
장명동,장명경로당,전북특별자치도 정읍시 조곡천2길 118,1997-09-23,2024-12-31
내장상동,금북경로당,전북특별자치도 정읍시 금붕3길 22,1990-01-06,2024-12-31
내장상동,대석경로당,전북특별자치도 정읍시 대석1길 14,1990-01-06,2024-12-31
내장상동,붕래경로당,전북특별자치도 정읍시 붕래길 42-6,1995-12-05,2024-12-31
내장상동,행정경로당,전북특별자치도 정읍시 행정길 90,2001-10-05,2024-12-31
내장상동,백석경로당,전북특별자치도 정읍시 백석길 17,2006-01-12,2024-12-31
내장상동,부무경로당,전북특별자치도 정읍시 부무길 42,1997-02-19,2024-12-31
내장상동,부전경로당,전북특별자치도 정읍시 부전안길 5-8,1994-12-28,2024-12-31
내장상동,현대1차APT,전북특별자치도 정읍시 하신경9길 14-22,1992-04-09,2024-12-31
내장상동,상현(현대3차A),전북특별자치도 정읍시 상동중앙로 62-16,1996-06-24,2024-12-31
내장상동,대림APT경로당,전북특별자치도 정읍시 금붕1길 1-1,1994-05-04,2024-12-31
내장상동,대우드림채APT,전북특별자치도 정읍시 학산로 103-4,2004-09-03,2024-12-31
내장상동,명진로얄경로당,전북특별자치도 정읍시 충정로 50-1,1994-12-28,2024-12-31
내장상동,상신경로당,전북특별자치도 정읍시 충정로 41-9,1990-01-06,2024-12-31
내장상동,현대2차APT경로당,전북특별자치도 정읍시 학산로 127-4,1995-11-06,2024-12-31
내장상동,엘지APT경로당,전북특별자치도 정읍시 상사3길 47,1997-08-20,2024-12-31
내장상동,우미타운경로당,전북특별자치도 정읍시 학산로 95,1998-10-29,2024-12-31
내장상동,상사경로당,전북특별자치도 정읍시 상사4길 4,1998-04-13,2024-12-31
내장상동,종산경로당,전북특별자치도 정읍시 송산1길 90,1999-12-29,2024-12-31
내장상동,시영연립경로당,전북특별자치도 정읍시 내장산로 16-10,1999-04-17,2024-12-31
내장상동,송령경로당,전북특별자치도 정읍시 송산1길 111,1990-02-08,2024-12-31
내장상동,송학경로당,전북특별자치도 정읍시 송산1길 150-12,1990-02-26,2024-12-31
내장상동,답곡경로당,전북특별자치도 정읍시 답곡길 74,2001-02-01,2024-12-31
내장상동,월영경로당,전북특별자치도 정읍시 월영1길 62,1997-01-03,2024-12-31
내장상동,송죽경로당,전북특별자치도 정읍시 송죽길 25,2006-10-31,2024-12-31
내장상동,하신경로당,전북특별자치도 정읍시 충정로 94-7,2007-03-12,2024-12-31
내장상동,엘드수목토경로당,전북특별자치도 정읍시 학산로 89-25,2008-03-11,2024-12-31
내장상동,내장산실버경로당,전북특별자치도 정읍시 금붕1길 214,2008-12-17,2024-12-31
내장상동,회룡경로당,전북특별자치도 정읍시 회룡길 23,2009-12-16,2024-12-31
내장상동,신성 미소지움경로당,전북특별자치도 정읍시 상동중앙로 41,2010-07-14,2024-12-31
내장상동,휴먼시아2단지경로당,전북특별자치도 정읍시 학산로 89-71,2010-09-01,2024-12-31
내장상동,휴먼시아3단지경로당,전북특별자치도 정읍시 학산로 89-72,2010-06-16,2024-12-31
내장상동,중사경로당,전북특별자치도 정읍시 관통로 57-51,2013-01-30,2024-12-31
내장상동,대광로제비앙경로당,전북특별자치도 정읍시 학산로 89-11,2015-10-01,2024-12-31
내장상동,부여경로당,전북특별자치도 정읍시 부여길 7-3,2017-04-12,2024-12-31
내장상동,검듸경로당,전북특별자치도 정읍시 금붕2길 5,2020-05-06,2024-12-31
내장상동,강변경로당,전북특별자치도 정읍시 송산1길 117-25,2020-10-20,2024-12-31
시기동,정읍노휴재경로당,전북특별자치도 정읍시 태평7길 51,1990-01-06,2024-12-31
시기동,남부노휴제경로당,전북특별자치도 정읍시 청수3길 2,1990-01-06,2024-12-31
시기동,대흥노휴제경로당,전북특별자치도 정읍시 대흥2길 11,1996-12-20,2024-12-31
시기동,시기경로당,전북특별자치도 정읍시 태평5길 49,1999-03-26,2024-12-31
시기동,제1시장노휴제경로당,전북특별자치도 정읍시 태평6길 22-10,2001-07-06,2024-12-31
시기동,삼화그린(남)경로당,전북특별자치도 정읍시 대흥3길 21-13,1997-01-03,2024-12-31
시기동,삼화그린(여)경로당,전북특별자치도 정읍시 대흥3길 21-13,2002-01-18,2024-12-31
시기동,청수경로당,전북특별자치도 정읍시 청수1길 5-6,2012-05-31,2024-12-31
초산동,아양경로당,전북특별자치도 정읍시 정읍남로 1441-72,1999-12-29,2024-12-31
초산동,동원경로당,전북특별자치도 정읍시 천변로 350-1,1990-01-06,2024-12-31
초산동,남산경로당,전북특별자치도 정읍시 남산2길 10,1997-12-12,2024-12-31
초산동,유창1차APT경로당,전북특별자치도 정읍시 남산5길 19-9,1996-05-16,2024-12-31
초산동,유창2차APT경로당,전북특별자치도 정읍시 남산6길 10,2000-12-02,2024-12-31
초산동,현대APT(남)경로당,전북특별자치도 정읍시 초산로 3-1,1996-03-15,2024-12-31
초산동,현대APT(여)경로당,전북특별자치도 정읍시 초산로 3-1,1992-04-09,2024-12-31
초산동,신기메이플경로당,전북특별자치도 정읍시 정읍남로 1348,2008-09-01,2024-12-31
초산동,초헌경로당(남),전북특별자치도 정읍시 초산1길 8,1990-02-08,2024-12-31
초산동,초헌경로당(여),전북특별자치도 정읍시 초산1길 8,1995-12-23,2024-12-31
초산동,영화아파트경로당,전북특별자치도 정읍시 천변로 310,2001-03-13,2024-12-31
초산동,은하APT경로당,전북특별자치도 정읍시 초산1길 21,2002-08-31,2024-12-31
초산동,센트럴카운티경로당,전북특별자치도 정읍시 시기1길 22,2008-05-29,2024-12-31
초산동,시영연립경로당,전북특별자치도 정읍시 천변로 388-1,2009-06-29,2024-12-31
초산동,양우아파트경로당,전북특별자치도 정읍시 천변로 394-16,2014-12-05,2024-12-31
초산동,초산약수경로당,전북특별자치도 정읍시 초산약수2길 7,2017-07-31,2024-12-31
초산동,코아루천년가아파트경로당,전북특별자치도 정읍시 정읍남로 1400,2017-11-03,2024-12-31
초산동,당현경로당,전북특별자치도 정읍시 당현길 13,2017-12-01,2024-12-31
초산동,시기동영무예다음아파트경로회,전북특별자치도 정읍시 시기4길42,2021-07-30,2024-12-31
연지동,연지1통경로당,전북특별자치도 정읍시 연지동 253-1 ,2016-12-30,2024-12-31
연지동,연지할아버지경로당,전북특별자치도 정읍시 연지3길 26,1990-01-06,2024-12-31
연지동,연지할머니경로당,전북특별자치도 정읍시 연지3길 26,1995-12-13,2024-12-31
연지동,서연지경로당,전북특별자치도 정읍시 서연지2길 25-20,2005-11-24,2024-12-31
연지동,대실경로당,전북특별자치도 정읍시 죽림2길 25,2002-12-10,2024-12-31
연지동,서부남성경로당,전북특별자치도 정읍시 연지시장2길 16-6,1990-02-08,2024-12-31
연지동,서부여성경로당,전북특별자치도 정읍시 연지시장2길 20,2004-07-05,2024-12-31
연지동,동부경로당,전북특별자치도 정읍시 연지8길 49,2009-08-07,2024-12-31
연지동,죽림경로당,전북특별자치도 정읍시 죽림1길 19,2010-08-06,2024-12-31
연지동,신흥경로당,"전북특별자치도 정읍시 연지7길 36, 단풍@",2006-10-12,2024-12-31
연지동,연지6통경로당,전북특별자치도 정읍시 관사1길 4,2020-10-22,2024-12-31
농소동,효죽경로당,전북특별자치도 정읍시 소정1길 22-10(농소동),1991-10-01,2024-12-31
농소동,복룡경로당,전북특별자치도 정읍시 해평복룡길 57,1990-01-06,2024-12-31
농소동,농흥경로당,전북특별자치도 정읍시 농흥2길 18,2002-01-12,2024-12-31
농소동,가곡경로당,전북특별자치도 정읍시 가곡길 17,2000-10-28,2024-12-31
농소동,기산경로당,전북특별자치도 정읍시 소정1길 68-12,2001-09-14,2024-12-31
농소동,천곡경로당,전북특별자치도 정읍시 망제천곡길 71,1999-07-28,2024-12-31
농소동,동곡경로당,전북특별자치도 정읍시 동곡중앙길 43-2,1995-10-05,2024-12-31
농소동,부암경로당,전북특별자치도 정읍시 비녀골길 45,2001-02-01,2024-12-31
농소동,망제경로당,전북특별자치도 정읍시 옹골길 4,1990-01-06,2024-12-31
농소동,신정경로당,전북특별자치도 정읍시 황토현로 991-5,1991-01-02,2024-12-31
농소동,삼화경로당,"전북특별자치도 정읍시 수성1로 7(농소동,삼화타운)",1995-04-08,2024-12-31
농소동,상흑경로당,전북특별자치도 정읍시 현암1길 60,1998-12-23,2024-12-31
농소동,현암경로당,전북특별자치도 정읍시 현암1길 34-2,1990-01-06,2024-12-31
농소동,두승경로당,전북특별자치도 정읍시 흑암신흥길 40,2002-01-18,2024-12-31
농소동,정문경로당,전북특별자치도 정읍시 정문들목길 63-2,2002-08-14,2024-12-31
농소동,구암경로당,전북특별자치도 정읍시 동학로 20-3,2014-01-29,2024-12-31
농소동,용계경로당,전북특별자치도 정읍시 용계1길 32,1998-12-18,2024-12-31
농소동,동심경로당,전북특별자치도 정읍시 공평길 2-3,1995-08-02,2024-12-31
농소동,회로제경로당,전북특별자치도 정읍시 충정로 531-6,1990-01-06,2024-12-31
농소동,신덕경로당,전북특별자치도 정읍시 신덕중앙길 71,2003-08-21,2024-12-31
농소동,목련경로당,전북특별자치도 정읍시 충정로 531-3,1997-01-03,2024-12-31
농소동,목련2차 경로당,전북특별자치도 정읍시 충정로 531-3,1993-11-24,2024-12-31
농소동,농소주공A경로당,전북특별자치도 정읍시 서부산업도로 409,2005-03-14,2024-12-31
상교동,월천경로당,전북특별자치도 정읍시 월천길 64-7,1992-12-31,2024-12-31
상교동,모촌경로당,전북특별자치도 정읍시 모촌길 51,1995-10-05,2024-12-31
상교동,원상평경로당,전북특별자치도 정읍시 원상평길 18,2004-12-18,2024-12-31
상교동,산재경로당,전북특별자치도 정읍시 신우길 11,2003-09-30,2024-12-31
상교동,칠정경로당,전북특별자치도 정읍시 칠정2길 15-3,2004-10-21,2024-12-31
상교동,용흥경로당,전북특별자치도 정읍시 용흥1길 20-15,1995-08-29,2024-12-31
상교동,음성경로당,전북특별자치도 정읍시 음성길 60-4,1997-07-24,2024-12-31
상교동,장미1차경로당,전북특별자치도 정읍시 용흥1길 15-25,2006-10-12,2024-12-31
상교동,향지경로당,전북특별자치도 정읍시 향지길 40,1990-01-06,2024-12-31
상교동,삼산경로당,전북특별자치도 정읍시 삼산1길 34-17,1993-11-24,2024-12-31
상교동,신구경로당,전북특별자치도 정읍시 신구길 28,2004-12-27,2024-12-31
상교동,과교경로당,전북특별자치도 정읍시 정읍남로 1120-2,1996-09-30,2024-12-31
상교동,남일경로당,전북특별자치도 정읍시 구계2길 2,1990-01-06,2024-12-31
상교동,백운경로당,전북특별자치도 정읍시 백운길 47,2009-09-08,2024-12-31
상교동,삼군경로당,전북특별자치도 정읍시 삼군길 92,1999-10-28,2024-12-31
상교동,진산경로당,전북특별자치도 정읍시 진산1길 31,1990-01-06,2024-12-31
상교동,석고경로당,전북특별자치도 정읍시 석고길 31,2007-11-01,2024-12-31
상교동,교암경로당,전북특별자치도 정읍시 삼군길 9,1990-01-06,2024-12-31
상교동,한마음경로당,전북특별자치도 정읍시 구암길 16-10,2004-03-11,2024-12-31
상교동,조월경로당,전북특별자치도 정읍시 조월길 136,2000-11-01,2024-12-31
상교동,계화경로당,전북특별자치도 정읍시 계화1길 47,2003-02-21,2024-12-31
상교동,서월경로당,전북특별자치도 정읍시 월성길 37,1996-10-11,2024-12-31
상교동,동월경로당,전북특별자치도 정읍시 신성길 47,2001-11-02,2024-12-31
상교동,신성경로당,전북특별자치도 정읍시 신성길 161,2005-01-12,2024-12-31
상교동,복용경로당,전북특별자치도 정읍시 복룡길 17-1,2004-08-21,2024-12-31
상교동,칠정제2경로당,전북특별자치도 정읍시 칠정1길 10-6,2010-04-21,2024-12-31
상교동,정촌경로당,전북특별자치도 정읍시 정촌1길 51,2001-01-17,2024-12-31
상교동,전지경로당,전북특별자치도 정읍시 전지길 30,2001-07-21,2024-12-31
상교동,신정마을경로당,전북특별자치도 정읍시 신정마을길 36,2009-10-19,2024-12-31
상교동,백학경로당,전북특별자치도 정읍시 백학2길 115,2004-01-17,2024-12-31
상교동,원부귀경로당,전북특별자치도 정읍시 부귀1길 33,1997-12-23,2024-12-31
상교동,상정경로당,전북특별자치도 정읍시 상정2길 22-4,2014-01-16,2024-12-31
상교동,금구경로당,전북특별자치도 정읍시 금구2길 56,2003-07-22,2024-12-31
상교동,신흥장미2차경로당,전북특별자치도 정읍시 용흥1길 7-11,1995-12-05,2024-12-31
상교동,신기경로당,전북특별자치도 정읍시 용신길 73,2020-07-14,2024-12-31
상교동,내동경로당,전북특별자치도 정읍시 삼산2길 66,2021-07-02,2024-12-31
연지동,영무예다음경로당,전북특별자치도 정읍시 중앙로 55,2018-01-25,2024-12-31
연지동,명덕경로당,전북특별자치도 정읍시 정읍시 명덕1길 9-7,2018-01-25,2024-12-31
수성동,뉴캐슬아파트경로당,전북특별자치도 정읍시 수성택지2길 65,2022-01-06,2024-12-31
상교동,첨단LH행복주택경로당,전북특별자치도 정읍시 첨단1로 47,2023-10-30,2024-12-31
상교동,정읍 첨단 LH 1단지 경로당,전북특별자치도 정읍시 첨단3로 7,2023-12-05,2024-12-31
